[{"__symbolic":"module","version":3,"metadata":{"CHIPS_VALUE_ACCESSOR":{"provide":{"__symbolic":"reference","module":"@angular/forms","name":"NG_VALUE_ACCESSOR"},"useExisting":{"__symbolic":"reference","name":"Chips"},"multi":true},"Chips":{"__symbolic":"class","decorators":[{"__symbolic":"call","expression":{"__symbolic":"reference","module":"@angular/core","name":"Component"},"arguments":[{"selector":"p-chips","template":"\n        <div [ngClass]=\"'ui-chips ui-widget'\" [ngStyle]=\"style\" [class]=\"styleClass\">\n            <ul [ngClass]=\"{'ui-inputtext ui-state-default ui-corner-all':true,'ui-state-focus':focus,'ui-state-disabled':disabled}\" (click)=\"inputtext.focus()\">\n                <li #token *ngFor=\"let item of value; let i = index;\" class=\"ui-chips-token ui-state-highlight ui-corner-all\">\n                    <span *ngIf=\"!disabled\" class=\"ui-chips-token-icon fa fa-fw fa-close\" (click)=\"removeItem($event,i)\"></span>\n                    <span *ngIf=\"!itemTemplate\" class=\"ui-chips-token-label\">{{field ? resolveFieldData(item,field) : item}}</span>\n                    <ng-template *ngIf=\"itemTemplate\" [pTemplateWrapper]=\"itemTemplate\" [item]=\"item\"></ng-template>\n                </li>\n                <li class=\"ui-chips-input-token\">\n                    <input #inputtext type=\"text\" [attr.id]=\"inputId\" [attr.placeholder]=\"placeholder\" [attr.tabindex]=\"tabindex\" (keydown)=\"onKeydown($event,inputtext)\" \n                        (focus)=\"onFocus()\" (blur)=\"onBlur()\" [disabled]=\"maxedOut||disabled\" [disabled]=\"disabled\" [ngStyle]=\"inputStyle\" [class]=\"inputStyleClass\">\n                </li>\n            </ul>\n        </div>\n    ","providers":[{"__symbolic":"reference","module":"../dom/domhandler","name":"DomHandler"},{"__symbolic":"reference","name":"CHIPS_VALUE_ACCESSOR"}]}]}],"members":{"style":[{"__symbolic":"property","decorators":[{"__symbolic":"call","expression":{"__symbolic":"reference","module":"@angular/core","name":"Input"}}]}],"styleClass":[{"__symbolic":"property","decorators":[{"__symbolic":"call","expression":{"__symbolic":"reference","module":"@angular/core","name":"Input"}}]}],"disabled":[{"__symbolic":"property","decorators":[{"__symbolic":"call","expression":{"__symbolic":"reference","module":"@angular/core","name":"Input"}}]}],"onAdd":[{"__symbolic":"property","decorators":[{"__symbolic":"call","expression":{"__symbolic":"reference","module":"@angular/core","name":"Output"}}]}],"onRemove":[{"__symbolic":"property","decorators":[{"__symbolic":"call","expression":{"__symbolic":"reference","module":"@angular/core","name":"Output"}}]}],"field":[{"__symbolic":"property","decorators":[{"__symbolic":"call","expression":{"__symbolic":"reference","module":"@angular/core","name":"Input"}}]}],"placeholder":[{"__symbolic":"property","decorators":[{"__symbolic":"call","expression":{"__symbolic":"reference","module":"@angular/core","name":"Input"}}]}],"max":[{"__symbolic":"property","decorators":[{"__symbolic":"call","expression":{"__symbolic":"reference","module":"@angular/core","name":"Input"}}]}],"tabindex":[{"__symbolic":"property","decorators":[{"__symbolic":"call","expression":{"__symbolic":"reference","module":"@angular/core","name":"Input"}}]}],"inputId":[{"__symbolic":"property","decorators":[{"__symbolic":"call","expression":{"__symbolic":"reference","module":"@angular/core","name":"Input"}}]}],"allowDuplicate":[{"__symbolic":"property","decorators":[{"__symbolic":"call","expression":{"__symbolic":"reference","module":"@angular/core","name":"Input"}}]}],"inputStyle":[{"__symbolic":"property","decorators":[{"__symbolic":"call","expression":{"__symbolic":"reference","module":"@angular/core","name":"Input"}}]}],"inputStyleClass":[{"__symbolic":"property","decorators":[{"__symbolic":"call","expression":{"__symbolic":"reference","module":"@angular/core","name":"Input"}}]}],"addOnTab":[{"__symbolic":"property","decorators":[{"__symbolic":"call","expression":{"__symbolic":"reference","module":"@angular/core","name":"Input"}}]}],"templates":[{"__symbolic":"property","decorators":[{"__symbolic":"call","expression":{"__symbolic":"reference","module":"@angular/core","name":"ContentChildren"},"arguments":[{"__symbolic":"reference","module":"../common/shared","name":"PrimeTemplate"}]}]}],"__ctor__":[{"__symbolic":"constructor","parameters":[{"__symbolic":"reference","module":"@angular/core","name":"ElementRef"},{"__symbolic":"reference","module":"../dom/domhandler","name":"DomHandler"}]}],"ngAfterContentInit":[{"__symbolic":"method"}],"writeValue":[{"__symbolic":"method"}],"registerOnChange":[{"__symbolic":"method"}],"registerOnTouched":[{"__symbolic":"method"}],"setDisabledState":[{"__symbolic":"method"}],"resolveFieldData":[{"__symbolic":"method"}],"onFocus":[{"__symbolic":"method"}],"onBlur":[{"__symbolic":"method"}],"removeItem":[{"__symbolic":"method"}],"addItem":[{"__symbolic":"method"}],"onKeydown":[{"__symbolic":"method"}]}},"ChipsModule":{"__symbolic":"class","decorators":[{"__symbolic":"call","expression":{"__symbolic":"reference","module":"@angular/core","name":"NgModule"},"arguments":[{"imports":[{"__symbolic":"reference","module":"@angular/common","name":"CommonModule"},{"__symbolic":"reference","module":"../inputtext/inputtext","name":"InputTextModule"},{"__symbolic":"reference","module":"../common/shared","name":"SharedModule"}],"exports":[{"__symbolic":"reference","name":"Chips"},{"__symbolic":"reference","module":"../inputtext/inputtext","name":"InputTextModule"},{"__symbolic":"reference","module":"../common/shared","name":"SharedModule"}],"declarations":[{"__symbolic":"reference","name":"Chips"}]}]}]}}},{"__symbolic":"module","version":1,"metadata":{"CHIPS_VALUE_ACCESSOR":{"provide":{"__symbolic":"reference","module":"@angular/forms","name":"NG_VALUE_ACCESSOR"},"useExisting":{"__symbolic":"reference","name":"Chips"},"multi":true},"Chips":{"__symbolic":"class","decorators":[{"__symbolic":"call","expression":{"__symbolic":"reference","module":"@angular/core","name":"Component"},"arguments":[{"selector":"p-chips","template":"\n        <div [ngClass]=\"'ui-chips ui-widget'\" [ngStyle]=\"style\" [class]=\"styleClass\">\n            <ul [ngClass]=\"{'ui-inputtext ui-state-default ui-corner-all':true,'ui-state-focus':focus,'ui-state-disabled':disabled}\" (click)=\"inputtext.focus()\">\n                <li #token *ngFor=\"let item of value; let i = index;\" class=\"ui-chips-token ui-state-highlight ui-corner-all\">\n                    <span *ngIf=\"!disabled\" class=\"ui-chips-token-icon fa fa-fw fa-close\" (click)=\"removeItem($event,i)\"></span>\n                    <span *ngIf=\"!itemTemplate\" class=\"ui-chips-token-label\">{{field ? resolveFieldData(item,field) : item}}</span>\n                    <ng-template *ngIf=\"itemTemplate\" [pTemplateWrapper]=\"itemTemplate\" [item]=\"item\"></ng-template>\n                </li>\n                <li class=\"ui-chips-input-token\">\n                    <input #inputtext type=\"text\" [attr.id]=\"inputId\" [attr.placeholder]=\"placeholder\" [attr.tabindex]=\"tabindex\" (keydown)=\"onKeydown($event,inputtext)\" \n                        (focus)=\"onFocus()\" (blur)=\"onBlur()\" [disabled]=\"maxedOut||disabled\" [disabled]=\"disabled\" [ngStyle]=\"inputStyle\" [class]=\"inputStyleClass\">\n                </li>\n            </ul>\n        </div>\n    ","providers":[{"__symbolic":"reference","module":"../dom/domhandler","name":"DomHandler"},{"__symbolic":"reference","name":"CHIPS_VALUE_ACCESSOR"}]}]}],"members":{"style":[{"__symbolic":"property","decorators":[{"__symbolic":"call","expression":{"__symbolic":"reference","module":"@angular/core","name":"Input"}}]}],"styleClass":[{"__symbolic":"property","decorators":[{"__symbolic":"call","expression":{"__symbolic":"reference","module":"@angular/core","name":"Input"}}]}],"disabled":[{"__symbolic":"property","decorators":[{"__symbolic":"call","expression":{"__symbolic":"reference","module":"@angular/core","name":"Input"}}]}],"onAdd":[{"__symbolic":"property","decorators":[{"__symbolic":"call","expression":{"__symbolic":"reference","module":"@angular/core","name":"Output"}}]}],"onRemove":[{"__symbolic":"property","decorators":[{"__symbolic":"call","expression":{"__symbolic":"reference","module":"@angular/core","name":"Output"}}]}],"field":[{"__symbolic":"property","decorators":[{"__symbolic":"call","expression":{"__symbolic":"reference","module":"@angular/core","name":"Input"}}]}],"placeholder":[{"__symbolic":"property","decorators":[{"__symbolic":"call","expression":{"__symbolic":"reference","module":"@angular/core","name":"Input"}}]}],"max":[{"__symbolic":"property","decorators":[{"__symbolic":"call","expression":{"__symbolic":"reference","module":"@angular/core","name":"Input"}}]}],"tabindex":[{"__symbolic":"property","decorators":[{"__symbolic":"call","expression":{"__symbolic":"reference","module":"@angular/core","name":"Input"}}]}],"inputId":[{"__symbolic":"property","decorators":[{"__symbolic":"call","expression":{"__symbolic":"reference","module":"@angular/core","name":"Input"}}]}],"allowDuplicate":[{"__symbolic":"property","decorators":[{"__symbolic":"call","expression":{"__symbolic":"reference","module":"@angular/core","name":"Input"}}]}],"inputStyle":[{"__symbolic":"property","decorators":[{"__symbolic":"call","expression":{"__symbolic":"reference","module":"@angular/core","name":"Input"}}]}],"inputStyleClass":[{"__symbolic":"property","decorators":[{"__symbolic":"call","expression":{"__symbolic":"reference","module":"@angular/core","name":"Input"}}]}],"addOnTab":[{"__symbolic":"property","decorators":[{"__symbolic":"call","expression":{"__symbolic":"reference","module":"@angular/core","name":"Input"}}]}],"templates":[{"__symbolic":"property","decorators":[{"__symbolic":"call","expression":{"__symbolic":"reference","module":"@angular/core","name":"ContentChildren"},"arguments":[{"__symbolic":"reference","module":"../common/shared","name":"PrimeTemplate"}]}]}],"__ctor__":[{"__symbolic":"constructor","parameters":[{"__symbolic":"reference","module":"@angular/core","name":"ElementRef"},{"__symbolic":"reference","module":"../dom/domhandler","name":"DomHandler"}]}],"ngAfterContentInit":[{"__symbolic":"method"}],"writeValue":[{"__symbolic":"method"}],"registerOnChange":[{"__symbolic":"method"}],"registerOnTouched":[{"__symbolic":"method"}],"setDisabledState":[{"__symbolic":"method"}],"resolveFieldData":[{"__symbolic":"method"}],"onFocus":[{"__symbolic":"method"}],"onBlur":[{"__symbolic":"method"}],"removeItem":[{"__symbolic":"method"}],"addItem":[{"__symbolic":"method"}],"onKeydown":[{"__symbolic":"method"}]}},"ChipsModule":{"__symbolic":"class","decorators":[{"__symbolic":"call","expression":{"__symbolic":"reference","module":"@angular/core","name":"NgModule"},"arguments":[{"imports":[{"__symbolic":"reference","module":"@angular/common","name":"CommonModule"},{"__symbolic":"reference","module":"../inputtext/inputtext","name":"InputTextModule"},{"__symbolic":"reference","module":"../common/shared","name":"SharedModule"}],"exports":[{"__symbolic":"reference","name":"Chips"},{"__symbolic":"reference","module":"../inputtext/inputtext","name":"InputTextModule"},{"__symbolic":"reference","module":"../common/shared","name":"SharedModule"}],"declarations":[{"__symbolic":"reference","name":"Chips"}]}]}]}}}]