[{"__symbolic":"module","version":3,"metadata":{"TabMenu":{"__symbolic":"class","decorators":[{"__symbolic":"call","expression":{"__symbolic":"reference","module":"@angular/core","name":"Component"},"arguments":[{"selector":"p-tabMenu","template":"\n        <div [ngClass]=\"'ui-tabmenu ui-widget ui-widget-content ui-corner-all'\" [ngStyle]=\"style\" [class]=\"styleClass\">\n            <ul class=\"ui-tabmenu-nav ui-helper-reset ui-helper-clearfix ui-widget-header ui-corner-all\" role=\"tablist\">\n                <li *ngFor=\"let item of model\" \n                    [ngClass]=\"{'ui-tabmenuitem ui-state-default ui-corner-top':true,'ui-state-disabled':item.disabled,\n                        'ui-tabmenuitem-hasicon':item.icon,'ui-state-active':activeItem==item}\">\n                    <a *ngIf=\"!item.routerLink\" [href]=\"item.url||'#'\" class=\"ui-menuitem-link ui-corner-all\" (click)=\"itemClick($event,item)\"\n                        [attr.target]=\"item.target\" [attr.title]=\"item.title\">\n                        <span class=\"ui-menuitem-icon fa\" [ngClass]=\"item.icon\"></span>\n                        <span class=\"ui-menuitem-text\">{{item.label}}</span>\n                    </a>\n                    <a *ngIf=\"item.routerLink\" [routerLink]=\"item.routerLink\" [routerLinkActive]=\"'ui-state-active'\"  [routerLinkActiveOptions]=\"item.routerLinkActiveOptions||{exact:false}\" class=\"ui-menuitem-link ui-corner-all\" (click)=\"itemClick($event,item)\"\n                        [attr.target]=\"item.target\" [attr.title]=\"item.title\">\n                        <span class=\"ui-menuitem-icon fa\" [ngClass]=\"item.icon\"></span>\n                        <span class=\"ui-menuitem-text\">{{item.label}}</span>\n                    </a>\n                </li>\n            </ul>\n        </div>\n    ","providers":[{"__symbolic":"reference","module":"../dom/domhandler","name":"DomHandler"}]}]}],"members":{"model":[{"__symbolic":"property","decorators":[{"__symbolic":"call","expression":{"__symbolic":"reference","module":"@angular/core","name":"Input"}}]}],"activeItem":[{"__symbolic":"property","decorators":[{"__symbolic":"call","expression":{"__symbolic":"reference","module":"@angular/core","name":"Input"}}]}],"popup":[{"__symbolic":"property","decorators":[{"__symbolic":"call","expression":{"__symbolic":"reference","module":"@angular/core","name":"Input"}}]}],"style":[{"__symbolic":"property","decorators":[{"__symbolic":"call","expression":{"__symbolic":"reference","module":"@angular/core","name":"Input"}}]}],"styleClass":[{"__symbolic":"property","decorators":[{"__symbolic":"call","expression":{"__symbolic":"reference","module":"@angular/core","name":"Input"}}]}],"ngOnInit":[{"__symbolic":"method"}],"itemClick":[{"__symbolic":"method"}]}},"TabMenuModule":{"__symbolic":"class","decorators":[{"__symbolic":"call","expression":{"__symbolic":"reference","module":"@angular/core","name":"NgModule"},"arguments":[{"imports":[{"__symbolic":"reference","module":"@angular/common","name":"CommonModule"},{"__symbolic":"reference","module":"@angular/router","name":"RouterModule"}],"exports":[{"__symbolic":"reference","name":"TabMenu"},{"__symbolic":"reference","module":"@angular/router","name":"RouterModule"}],"declarations":[{"__symbolic":"reference","name":"TabMenu"}]}]}]}}},{"__symbolic":"module","version":1,"metadata":{"TabMenu":{"__symbolic":"class","decorators":[{"__symbolic":"call","expression":{"__symbolic":"reference","module":"@angular/core","name":"Component"},"arguments":[{"selector":"p-tabMenu","template":"\n        <div [ngClass]=\"'ui-tabmenu ui-widget ui-widget-content ui-corner-all'\" [ngStyle]=\"style\" [class]=\"styleClass\">\n            <ul class=\"ui-tabmenu-nav ui-helper-reset ui-helper-clearfix ui-widget-header ui-corner-all\" role=\"tablist\">\n                <li *ngFor=\"let item of model\" \n                    [ngClass]=\"{'ui-tabmenuitem ui-state-default ui-corner-top':true,'ui-state-disabled':item.disabled,\n                        'ui-tabmenuitem-hasicon':item.icon,'ui-state-active':activeItem==item}\">\n                    <a *ngIf=\"!item.routerLink\" [href]=\"item.url||'#'\" class=\"ui-menuitem-link ui-corner-all\" (click)=\"itemClick($event,item)\"\n                        [attr.target]=\"item.target\" [attr.title]=\"item.title\">\n                        <span class=\"ui-menuitem-icon fa\" [ngClass]=\"item.icon\"></span>\n                        <span class=\"ui-menuitem-text\">{{item.label}}</span>\n                    </a>\n                    <a *ngIf=\"item.routerLink\" [routerLink]=\"item.routerLink\" [routerLinkActive]=\"'ui-state-active'\"  [routerLinkActiveOptions]=\"item.routerLinkActiveOptions||{exact:false}\" class=\"ui-menuitem-link ui-corner-all\" (click)=\"itemClick($event,item)\"\n                        [attr.target]=\"item.target\" [attr.title]=\"item.title\">\n                        <span class=\"ui-menuitem-icon fa\" [ngClass]=\"item.icon\"></span>\n                        <span class=\"ui-menuitem-text\">{{item.label}}</span>\n                    </a>\n                </li>\n            </ul>\n        </div>\n    ","providers":[{"__symbolic":"reference","module":"../dom/domhandler","name":"DomHandler"}]}]}],"members":{"model":[{"__symbolic":"property","decorators":[{"__symbolic":"call","expression":{"__symbolic":"reference","module":"@angular/core","name":"Input"}}]}],"activeItem":[{"__symbolic":"property","decorators":[{"__symbolic":"call","expression":{"__symbolic":"reference","module":"@angular/core","name":"Input"}}]}],"popup":[{"__symbolic":"property","decorators":[{"__symbolic":"call","expression":{"__symbolic":"reference","module":"@angular/core","name":"Input"}}]}],"style":[{"__symbolic":"property","decorators":[{"__symbolic":"call","expression":{"__symbolic":"reference","module":"@angular/core","name":"Input"}}]}],"styleClass":[{"__symbolic":"property","decorators":[{"__symbolic":"call","expression":{"__symbolic":"reference","module":"@angular/core","name":"Input"}}]}],"ngOnInit":[{"__symbolic":"method"}],"itemClick":[{"__symbolic":"method"}]}},"TabMenuModule":{"__symbolic":"class","decorators":[{"__symbolic":"call","expression":{"__symbolic":"reference","module":"@angular/core","name":"NgModule"},"arguments":[{"imports":[{"__symbolic":"reference","module":"@angular/common","name":"CommonModule"},{"__symbolic":"reference","module":"@angular/router","name":"RouterModule"}],"exports":[{"__symbolic":"reference","name":"TabMenu"},{"__symbolic":"reference","module":"@angular/router","name":"RouterModule"}],"declarations":[{"__symbolic":"reference","name":"TabMenu"}]}]}]}}}]