[{"__symbolic":"module","version":3,"metadata":{"MULTISELECT_VALUE_ACCESSOR":{"provide":{"__symbolic":"reference","module":"@angular/forms","name":"NG_VALUE_ACCESSOR"},"useExisting":{"__symbolic":"reference","name":"MultiSelect"},"multi":true},"MultiSelect":{"__symbolic":"class","decorators":[{"__symbolic":"call","expression":{"__symbolic":"reference","module":"@angular/core","name":"Component"},"arguments":[{"selector":"p-multiSelect","template":"\n        <div #container [ngClass]=\"{'ui-multiselect ui-widget ui-state-default ui-corner-all':true,'ui-state-focus':focus,'ui-state-disabled': disabled}\" [ngStyle]=\"style\" [class]=\"styleClass\"\n            (click)=\"onMouseclick($event,in)\">\n            <div class=\"ui-helper-hidden-accessible\">\n                <input #in type=\"text\" readonly=\"readonly\" [attr.id]=\"inputId\" (focus)=\"onFocus($event)\" (blur)=\"onInputBlur($event)\" [disabled]=\"disabled\" [attr.tabindex]=\"tabindex\">\n            </div>\n            <div class=\"ui-multiselect-label-container\" [title]=\"valuesAsString\">\n                <label class=\"ui-multiselect-label ui-corner-all\">{{valuesAsString}}</label>\n            </div>\n            <div [ngClass]=\"{'ui-multiselect-trigger ui-state-default ui-corner-right':true}\">\n                <span class=\"fa fa-fw fa-caret-down ui-clickable\"></span>\n            </div>\n            <div #panel [ngClass]=\"['ui-multiselect-panel ui-widget ui-widget-content ui-corner-all ui-shadow', panelStyleClass||'']\" [ngStyle]=\"panelStyle\"\n                [style.display]=\"overlayVisible ? 'block' : 'none'\" (click)=\"panelClick=true\">\n                <div class=\"ui-widget-header ui-corner-all ui-multiselect-header ui-helper-clearfix\" [ngClass]=\"{'ui-multiselect-header-no-toggleall': !showToggleAll}\">\n                    <div class=\"ui-chkbox ui-widget\" *ngIf=\"showToggleAll\">\n                        <div class=\"ui-helper-hidden-accessible\">\n                            <input #cb type=\"checkbox\" readonly=\"readonly\" [checked]=\"isAllChecked()\">\n                        </div>\n                        <div class=\"ui-chkbox-box ui-widget ui-corner-all ui-state-default\" [ngClass]=\"{'ui-state-active':isAllChecked()}\" (click)=\"toggleAll($event,cb)\">\n                            <span class=\"ui-chkbox-icon ui-clickable\" [ngClass]=\"{'fa fa-check':isAllChecked()}\"></span>\n                        </div>\n                    </div>\n                    <div class=\"ui-multiselect-filter-container\" *ngIf=\"filter\">\n                        <input type=\"text\" role=\"textbox\" (input)=\"onFilter($event)\"\n                                    class=\"ui-inputtext ui-widget ui-state-default ui-corner-all\">\n                        <span class=\"fa fa-fw fa-search\"></span>\n                    </div>\n                    <a class=\"ui-multiselect-close ui-corner-all\" href=\"#\" (click)=\"close($event)\">\n                        <span class=\"fa fa-close\"></span>\n                    </a>\n                </div>\n                <div class=\"ui-multiselect-items-wrapper\">\n                    <ul class=\"ui-multiselect-items ui-multiselect-list ui-widget-content ui-widget ui-corner-all ui-helper-reset\" [style.max-height]=\"scrollHeight||'auto'\">\n                        <li *ngFor=\"let option of options; let index = i\" class=\"ui-multiselect-item ui-corner-all\" (click)=\"onItemClick($event,option.value)\" \n                            [style.display]=\"isItemVisible(option) ? 'block' : 'none'\" [ngClass]=\"{'ui-state-highlight':isSelected(option.value)}\">\n                            <div class=\"ui-chkbox ui-widget\">\n                                <div class=\"ui-helper-hidden-accessible\">\n                                    <input type=\"checkbox\" readonly=\"readonly\" [checked]=\"isSelected(option.value)\">\n                                </div>\n                                <div class=\"ui-chkbox-box ui-widget ui-corner-all ui-state-default\" [ngClass]=\"{'ui-state-active':isSelected(option.value)}\">\n                                    <span class=\"ui-chkbox-icon ui-clickable\" [ngClass]=\"{'fa fa-check':isSelected(option.value)}\"></span>\n                                </div>\n                            </div>\n                            <label *ngIf=\"!itemTemplate\">{{option.label}}</label>\n                            <ng-template [pTemplateWrapper]=\"itemTemplate\" [item]=\"option\" [index]=\"i\" *ngIf=\"itemTemplate\"></ng-template>\n                        </li>\n                    </ul>\n                </div>\n            </div>\n        </div>\n    ","providers":[{"__symbolic":"reference","module":"../dom/domhandler","name":"DomHandler"},{"__symbolic":"reference","module":"../utils/objectutils","name":"ObjectUtils"},{"__symbolic":"reference","name":"MULTISELECT_VALUE_ACCESSOR"}]}]}],"members":{"options":[{"__symbolic":"property","decorators":[{"__symbolic":"call","expression":{"__symbolic":"reference","module":"@angular/core","name":"Input"}}]}],"onChange":[{"__symbolic":"property","decorators":[{"__symbolic":"call","expression":{"__symbolic":"reference","module":"@angular/core","name":"Output"}}]}],"onBlur":[{"__symbolic":"property","decorators":[{"__symbolic":"call","expression":{"__symbolic":"reference","module":"@angular/core","name":"Output"}}]}],"scrollHeight":[{"__symbolic":"property","decorators":[{"__symbolic":"call","expression":{"__symbolic":"reference","module":"@angular/core","name":"Input"}}]}],"defaultLabel":[{"__symbolic":"property","decorators":[{"__symbolic":"call","expression":{"__symbolic":"reference","module":"@angular/core","name":"Input"}}]}],"style":[{"__symbolic":"property","decorators":[{"__symbolic":"call","expression":{"__symbolic":"reference","module":"@angular/core","name":"Input"}}]}],"styleClass":[{"__symbolic":"property","decorators":[{"__symbolic":"call","expression":{"__symbolic":"reference","module":"@angular/core","name":"Input"}}]}],"panelStyle":[{"__symbolic":"property","decorators":[{"__symbolic":"call","expression":{"__symbolic":"reference","module":"@angular/core","name":"Input"}}]}],"panelStyleClass":[{"__symbolic":"property","decorators":[{"__symbolic":"call","expression":{"__symbolic":"reference","module":"@angular/core","name":"Input"}}]}],"inputId":[{"__symbolic":"property","decorators":[{"__symbolic":"call","expression":{"__symbolic":"reference","module":"@angular/core","name":"Input"}}]}],"disabled":[{"__symbolic":"property","decorators":[{"__symbolic":"call","expression":{"__symbolic":"reference","module":"@angular/core","name":"Input"}}]}],"filter":[{"__symbolic":"property","decorators":[{"__symbolic":"call","expression":{"__symbolic":"reference","module":"@angular/core","name":"Input"}}]}],"overlayVisible":[{"__symbolic":"property","decorators":[{"__symbolic":"call","expression":{"__symbolic":"reference","module":"@angular/core","name":"Input"}}]}],"tabindex":[{"__symbolic":"property","decorators":[{"__symbolic":"call","expression":{"__symbolic":"reference","module":"@angular/core","name":"Input"}}]}],"appendTo":[{"__symbolic":"property","decorators":[{"__symbolic":"call","expression":{"__symbolic":"reference","module":"@angular/core","name":"Input"}}]}],"dataKey":[{"__symbolic":"property","decorators":[{"__symbolic":"call","expression":{"__symbolic":"reference","module":"@angular/core","name":"Input"}}]}],"displaySelectedLabel":[{"__symbolic":"property","decorators":[{"__symbolic":"call","expression":{"__symbolic":"reference","module":"@angular/core","name":"Input"}}]}],"maxSelectedLabels":[{"__symbolic":"property","decorators":[{"__symbolic":"call","expression":{"__symbolic":"reference","module":"@angular/core","name":"Input"}}]}],"selectedItemsLabel":[{"__symbolic":"property","decorators":[{"__symbolic":"call","expression":{"__symbolic":"reference","module":"@angular/core","name":"Input"}}]}],"showToggleAll":[{"__symbolic":"property","decorators":[{"__symbolic":"call","expression":{"__symbolic":"reference","module":"@angular/core","name":"Input"}}]}],"containerViewChild":[{"__symbolic":"property","decorators":[{"__symbolic":"call","expression":{"__symbolic":"reference","module":"@angular/core","name":"ViewChild"},"arguments":["container"]}]}],"panelViewChild":[{"__symbolic":"property","decorators":[{"__symbolic":"call","expression":{"__symbolic":"reference","module":"@angular/core","name":"ViewChild"},"arguments":["panel"]}]}],"templates":[{"__symbolic":"property","decorators":[{"__symbolic":"call","expression":{"__symbolic":"reference","module":"@angular/core","name":"ContentChildren"},"arguments":[{"__symbolic":"reference","module":"../common/shared","name":"PrimeTemplate"}]}]}],"__ctor__":[{"__symbolic":"constructor","parameters":[{"__symbolic":"reference","module":"@angular/core","name":"ElementRef"},{"__symbolic":"reference","module":"../dom/domhandler","name":"DomHandler"},{"__symbolic":"reference","module":"@angular/core","name":"Renderer2"},{"__symbolic":"reference","module":"@angular/core","name":"IterableDiffers"},{"__symbolic":"reference","module":"../utils/objectutils","name":"ObjectUtils"},{"__symbolic":"reference","module":"@angular/core","name":"ChangeDetectorRef"}]}],"ngOnInit":[{"__symbolic":"method"}],"ngAfterContentInit":[{"__symbolic":"method"}],"ngAfterViewInit":[{"__symbolic":"method"}],"ngAfterViewChecked":[{"__symbolic":"method"}],"ngDoCheck":[{"__symbolic":"method"}],"writeValue":[{"__symbolic":"method"}],"registerOnChange":[{"__symbolic":"method"}],"registerOnTouched":[{"__symbolic":"method"}],"setDisabledState":[{"__symbolic":"method"}],"onItemClick":[{"__symbolic":"method"}],"isSelected":[{"__symbolic":"method"}],"findSelectionIndex":[{"__symbolic":"method"}],"toggleAll":[{"__symbolic":"method"}],"isAllChecked":[{"__symbolic":"method"}],"show":[{"__symbolic":"method"}],"hide":[{"__symbolic":"method"}],"close":[{"__symbolic":"method"}],"onMouseclick":[{"__symbolic":"method"}],"onFocus":[{"__symbolic":"method"}],"onInputBlur":[{"__symbolic":"method"}],"updateLabel":[{"__symbolic":"method"}],"findLabelByValue":[{"__symbolic":"method"}],"onFilter":[{"__symbolic":"method"}],"isItemVisible":[{"__symbolic":"method"}],"getVisibleOptions":[{"__symbolic":"method"}],"bindDocumentClickListener":[{"__symbolic":"method"}],"unbindDocumentClickListener":[{"__symbolic":"method"}],"ngOnDestroy":[{"__symbolic":"method"}]}},"MultiSelectModule":{"__symbolic":"class","decorators":[{"__symbolic":"call","expression":{"__symbolic":"reference","module":"@angular/core","name":"NgModule"},"arguments":[{"imports":[{"__symbolic":"reference","module":"@angular/common","name":"CommonModule"},{"__symbolic":"reference","module":"../common/shared","name":"SharedModule"}],"exports":[{"__symbolic":"reference","name":"MultiSelect"},{"__symbolic":"reference","module":"../common/shared","name":"SharedModule"}],"declarations":[{"__symbolic":"reference","name":"MultiSelect"}]}]}]}}},{"__symbolic":"module","version":1,"metadata":{"MULTISELECT_VALUE_ACCESSOR":{"provide":{"__symbolic":"reference","module":"@angular/forms","name":"NG_VALUE_ACCESSOR"},"useExisting":{"__symbolic":"reference","name":"MultiSelect"},"multi":true},"MultiSelect":{"__symbolic":"class","decorators":[{"__symbolic":"call","expression":{"__symbolic":"reference","module":"@angular/core","name":"Component"},"arguments":[{"selector":"p-multiSelect","template":"\n        <div #container [ngClass]=\"{'ui-multiselect ui-widget ui-state-default ui-corner-all':true,'ui-state-focus':focus,'ui-state-disabled': disabled}\" [ngStyle]=\"style\" [class]=\"styleClass\"\n            (click)=\"onMouseclick($event,in)\">\n            <div class=\"ui-helper-hidden-accessible\">\n                <input #in type=\"text\" readonly=\"readonly\" [attr.id]=\"inputId\" (focus)=\"onFocus($event)\" (blur)=\"onInputBlur($event)\" [disabled]=\"disabled\" [attr.tabindex]=\"tabindex\">\n            </div>\n            <div class=\"ui-multiselect-label-container\" [title]=\"valuesAsString\">\n                <label class=\"ui-multiselect-label ui-corner-all\">{{valuesAsString}}</label>\n            </div>\n            <div [ngClass]=\"{'ui-multiselect-trigger ui-state-default ui-corner-right':true}\">\n                <span class=\"fa fa-fw fa-caret-down ui-clickable\"></span>\n            </div>\n            <div #panel [ngClass]=\"['ui-multiselect-panel ui-widget ui-widget-content ui-corner-all ui-shadow', panelStyleClass||'']\" [ngStyle]=\"panelStyle\"\n                [style.display]=\"overlayVisible ? 'block' : 'none'\" (click)=\"panelClick=true\">\n                <div class=\"ui-widget-header ui-corner-all ui-multiselect-header ui-helper-clearfix\" [ngClass]=\"{'ui-multiselect-header-no-toggleall': !showToggleAll}\">\n                    <div class=\"ui-chkbox ui-widget\" *ngIf=\"showToggleAll\">\n                        <div class=\"ui-helper-hidden-accessible\">\n                            <input #cb type=\"checkbox\" readonly=\"readonly\" [checked]=\"isAllChecked()\">\n                        </div>\n                        <div class=\"ui-chkbox-box ui-widget ui-corner-all ui-state-default\" [ngClass]=\"{'ui-state-active':isAllChecked()}\" (click)=\"toggleAll($event,cb)\">\n                            <span class=\"ui-chkbox-icon ui-clickable\" [ngClass]=\"{'fa fa-check':isAllChecked()}\"></span>\n                        </div>\n                    </div>\n                    <div class=\"ui-multiselect-filter-container\" *ngIf=\"filter\">\n                        <input type=\"text\" role=\"textbox\" (input)=\"onFilter($event)\"\n                                    class=\"ui-inputtext ui-widget ui-state-default ui-corner-all\">\n                        <span class=\"fa fa-fw fa-search\"></span>\n                    </div>\n                    <a class=\"ui-multiselect-close ui-corner-all\" href=\"#\" (click)=\"close($event)\">\n                        <span class=\"fa fa-close\"></span>\n                    </a>\n                </div>\n                <div class=\"ui-multiselect-items-wrapper\">\n                    <ul class=\"ui-multiselect-items ui-multiselect-list ui-widget-content ui-widget ui-corner-all ui-helper-reset\" [style.max-height]=\"scrollHeight||'auto'\">\n                        <li *ngFor=\"let option of options; let index = i\" class=\"ui-multiselect-item ui-corner-all\" (click)=\"onItemClick($event,option.value)\" \n                            [style.display]=\"isItemVisible(option) ? 'block' : 'none'\" [ngClass]=\"{'ui-state-highlight':isSelected(option.value)}\">\n                            <div class=\"ui-chkbox ui-widget\">\n                                <div class=\"ui-helper-hidden-accessible\">\n                                    <input type=\"checkbox\" readonly=\"readonly\" [checked]=\"isSelected(option.value)\">\n                                </div>\n                                <div class=\"ui-chkbox-box ui-widget ui-corner-all ui-state-default\" [ngClass]=\"{'ui-state-active':isSelected(option.value)}\">\n                                    <span class=\"ui-chkbox-icon ui-clickable\" [ngClass]=\"{'fa fa-check':isSelected(option.value)}\"></span>\n                                </div>\n                            </div>\n                            <label *ngIf=\"!itemTemplate\">{{option.label}}</label>\n                            <ng-template [pTemplateWrapper]=\"itemTemplate\" [item]=\"option\" [index]=\"i\" *ngIf=\"itemTemplate\"></ng-template>\n                        </li>\n                    </ul>\n                </div>\n            </div>\n        </div>\n    ","providers":[{"__symbolic":"reference","module":"../dom/domhandler","name":"DomHandler"},{"__symbolic":"reference","module":"../utils/objectutils","name":"ObjectUtils"},{"__symbolic":"reference","name":"MULTISELECT_VALUE_ACCESSOR"}]}]}],"members":{"options":[{"__symbolic":"property","decorators":[{"__symbolic":"call","expression":{"__symbolic":"reference","module":"@angular/core","name":"Input"}}]}],"onChange":[{"__symbolic":"property","decorators":[{"__symbolic":"call","expression":{"__symbolic":"reference","module":"@angular/core","name":"Output"}}]}],"onBlur":[{"__symbolic":"property","decorators":[{"__symbolic":"call","expression":{"__symbolic":"reference","module":"@angular/core","name":"Output"}}]}],"scrollHeight":[{"__symbolic":"property","decorators":[{"__symbolic":"call","expression":{"__symbolic":"reference","module":"@angular/core","name":"Input"}}]}],"defaultLabel":[{"__symbolic":"property","decorators":[{"__symbolic":"call","expression":{"__symbolic":"reference","module":"@angular/core","name":"Input"}}]}],"style":[{"__symbolic":"property","decorators":[{"__symbolic":"call","expression":{"__symbolic":"reference","module":"@angular/core","name":"Input"}}]}],"styleClass":[{"__symbolic":"property","decorators":[{"__symbolic":"call","expression":{"__symbolic":"reference","module":"@angular/core","name":"Input"}}]}],"panelStyle":[{"__symbolic":"property","decorators":[{"__symbolic":"call","expression":{"__symbolic":"reference","module":"@angular/core","name":"Input"}}]}],"panelStyleClass":[{"__symbolic":"property","decorators":[{"__symbolic":"call","expression":{"__symbolic":"reference","module":"@angular/core","name":"Input"}}]}],"inputId":[{"__symbolic":"property","decorators":[{"__symbolic":"call","expression":{"__symbolic":"reference","module":"@angular/core","name":"Input"}}]}],"disabled":[{"__symbolic":"property","decorators":[{"__symbolic":"call","expression":{"__symbolic":"reference","module":"@angular/core","name":"Input"}}]}],"filter":[{"__symbolic":"property","decorators":[{"__symbolic":"call","expression":{"__symbolic":"reference","module":"@angular/core","name":"Input"}}]}],"overlayVisible":[{"__symbolic":"property","decorators":[{"__symbolic":"call","expression":{"__symbolic":"reference","module":"@angular/core","name":"Input"}}]}],"tabindex":[{"__symbolic":"property","decorators":[{"__symbolic":"call","expression":{"__symbolic":"reference","module":"@angular/core","name":"Input"}}]}],"appendTo":[{"__symbolic":"property","decorators":[{"__symbolic":"call","expression":{"__symbolic":"reference","module":"@angular/core","name":"Input"}}]}],"dataKey":[{"__symbolic":"property","decorators":[{"__symbolic":"call","expression":{"__symbolic":"reference","module":"@angular/core","name":"Input"}}]}],"displaySelectedLabel":[{"__symbolic":"property","decorators":[{"__symbolic":"call","expression":{"__symbolic":"reference","module":"@angular/core","name":"Input"}}]}],"maxSelectedLabels":[{"__symbolic":"property","decorators":[{"__symbolic":"call","expression":{"__symbolic":"reference","module":"@angular/core","name":"Input"}}]}],"selectedItemsLabel":[{"__symbolic":"property","decorators":[{"__symbolic":"call","expression":{"__symbolic":"reference","module":"@angular/core","name":"Input"}}]}],"showToggleAll":[{"__symbolic":"property","decorators":[{"__symbolic":"call","expression":{"__symbolic":"reference","module":"@angular/core","name":"Input"}}]}],"containerViewChild":[{"__symbolic":"property","decorators":[{"__symbolic":"call","expression":{"__symbolic":"reference","module":"@angular/core","name":"ViewChild"},"arguments":["container"]}]}],"panelViewChild":[{"__symbolic":"property","decorators":[{"__symbolic":"call","expression":{"__symbolic":"reference","module":"@angular/core","name":"ViewChild"},"arguments":["panel"]}]}],"templates":[{"__symbolic":"property","decorators":[{"__symbolic":"call","expression":{"__symbolic":"reference","module":"@angular/core","name":"ContentChildren"},"arguments":[{"__symbolic":"reference","module":"../common/shared","name":"PrimeTemplate"}]}]}],"__ctor__":[{"__symbolic":"constructor","parameters":[{"__symbolic":"reference","module":"@angular/core","name":"ElementRef"},{"__symbolic":"reference","module":"../dom/domhandler","name":"DomHandler"},{"__symbolic":"reference","module":"@angular/core","name":"Renderer2"},{"__symbolic":"reference","module":"@angular/core","name":"IterableDiffers"},{"__symbolic":"reference","module":"../utils/objectutils","name":"ObjectUtils"},{"__symbolic":"reference","module":"@angular/core","name":"ChangeDetectorRef"}]}],"ngOnInit":[{"__symbolic":"method"}],"ngAfterContentInit":[{"__symbolic":"method"}],"ngAfterViewInit":[{"__symbolic":"method"}],"ngAfterViewChecked":[{"__symbolic":"method"}],"ngDoCheck":[{"__symbolic":"method"}],"writeValue":[{"__symbolic":"method"}],"registerOnChange":[{"__symbolic":"method"}],"registerOnTouched":[{"__symbolic":"method"}],"setDisabledState":[{"__symbolic":"method"}],"onItemClick":[{"__symbolic":"method"}],"isSelected":[{"__symbolic":"method"}],"findSelectionIndex":[{"__symbolic":"method"}],"toggleAll":[{"__symbolic":"method"}],"isAllChecked":[{"__symbolic":"method"}],"show":[{"__symbolic":"method"}],"hide":[{"__symbolic":"method"}],"close":[{"__symbolic":"method"}],"onMouseclick":[{"__symbolic":"method"}],"onFocus":[{"__symbolic":"method"}],"onInputBlur":[{"__symbolic":"method"}],"updateLabel":[{"__symbolic":"method"}],"findLabelByValue":[{"__symbolic":"method"}],"onFilter":[{"__symbolic":"method"}],"isItemVisible":[{"__symbolic":"method"}],"getVisibleOptions":[{"__symbolic":"method"}],"bindDocumentClickListener":[{"__symbolic":"method"}],"unbindDocumentClickListener":[{"__symbolic":"method"}],"ngOnDestroy":[{"__symbolic":"method"}]}},"MultiSelectModule":{"__symbolic":"class","decorators":[{"__symbolic":"call","expression":{"__symbolic":"reference","module":"@angular/core","name":"NgModule"},"arguments":[{"imports":[{"__symbolic":"reference","module":"@angular/common","name":"CommonModule"},{"__symbolic":"reference","module":"../common/shared","name":"SharedModule"}],"exports":[{"__symbolic":"reference","name":"MultiSelect"},{"__symbolic":"reference","module":"../common/shared","name":"SharedModule"}],"declarations":[{"__symbolic":"reference","name":"MultiSelect"}]}]}]}}}]