[{"__symbolic":"module","version":3,"metadata":{"SplitButton":{"__symbolic":"class","decorators":[{"__symbolic":"call","expression":{"__symbolic":"reference","module":"@angular/core","name":"Component"},"arguments":[{"selector":"p-splitButton","template":"\n        <div #container [ngClass]=\"{'ui-splitbutton ui-buttonset ui-widget':true,'ui-state-disabled':disabled}\" [ngStyle]=\"style\" [class]=\"styleClass\">\n            <button #defaultbtn type=\"button\" pButton [icon]=\"icon\" [iconPos]=\"iconPos\" [label]=\"label\" cornerStyleClass=\"ui-corner-left\" (click)=\"onDefaultButtonClick($event)\" [disabled]=\"disabled\" [attr.tabindex]=\"tabindex\">\n            </button><button type=\"button\" pButton class=\"ui-splitbutton-menubutton\" icon=\"fa-caret-down\" cornerStyleClass=\"ui-corner-right\" (click)=\"onDropdownButtonClick($event)\" [disabled]=\"disabled\"></button>\n            <div #overlay [ngClass]=\"'ui-menu ui-menu-dynamic ui-widget ui-widget-content ui-corner-all ui-helper-clearfix ui-shadow'\" [style.display]=\"menuVisible ? 'block' : 'none'\"\n                    [ngStyle]=\"menuStyle\" [class]=\"menuStyleClass\" [@overlayState]=\"menuVisible ? 'visible' : 'hidden'\">\n                <ul class=\"ui-menu-list ui-helper-reset\">\n                    <li class=\"ui-menuitem ui-widget ui-corner-all\" role=\"menuitem\" *ngFor=\"let item of model\">\n                        <a *ngIf=\"!item.routerLink\" [href]=\"item.url||'#'\" class=\"ui-menuitem-link ui-corner-all\" [attr.target]=\"item.target\"\n                            [ngClass]=\"{'ui-state-disabled':item.disabled}\" (click)=\"itemClick($event, item)\">\n                            <span [ngClass]=\"'ui-menuitem-icon fa fa-fw'\" [class]=\"item.icon\" *ngIf=\"item.icon\"></span>\n                            <span class=\"ui-menuitem-text\">{{item.label}}</span>\n                        </a>\n                        <a *ngIf=\"item.routerLink\" [routerLink]=\"item.routerLink\"\n                            class=\"ui-menuitem-link ui-corner-all\" [attr.target]=\"item.target\" [ngClass]=\"{'ui-state-disabled':item.disabled}\" (click)=\"itemClick($event, item)\">\n                            <span [ngClass]=\"'ui-menuitem-icon fa fa-fw'\" [class]=\"item.icon\" *ngIf=\"item.icon\"></span>\n                            <span class=\"ui-menuitem-text\">{{item.label}}</span>\n                        </a>\n                    </li>\n                </ul>\n            </div>\n        </div>\n    ","animations":[{"__symbolic":"call","expression":{"__symbolic":"reference","module":"@angular/animations","name":"trigger"},"arguments":["overlayState",[{"__symbolic":"call","expression":{"__symbolic":"reference","module":"@angular/animations","name":"state"},"arguments":["hidden",{"__symbolic":"call","expression":{"__symbolic":"reference","module":"@angular/animations","name":"style"},"arguments":[{"opacity":0}]}]},{"__symbolic":"call","expression":{"__symbolic":"reference","module":"@angular/animations","name":"state"},"arguments":["visible",{"__symbolic":"call","expression":{"__symbolic":"reference","module":"@angular/animations","name":"style"},"arguments":[{"opacity":1}]}]},{"__symbolic":"call","expression":{"__symbolic":"reference","module":"@angular/animations","name":"transition"},"arguments":["visible => hidden",{"__symbolic":"call","expression":{"__symbolic":"reference","module":"@angular/animations","name":"animate"},"arguments":["400ms ease-in"]}]},{"__symbolic":"call","expression":{"__symbolic":"reference","module":"@angular/animations","name":"transition"},"arguments":["hidden => visible",{"__symbolic":"call","expression":{"__symbolic":"reference","module":"@angular/animations","name":"animate"},"arguments":["400ms ease-out"]}]}]]}],"providers":[{"__symbolic":"reference","module":"../dom/domhandler","name":"DomHandler"}]}]}],"members":{"model":[{"__symbolic":"property","decorators":[{"__symbolic":"call","expression":{"__symbolic":"reference","module":"@angular/core","name":"Input"}}]}],"icon":[{"__symbolic":"property","decorators":[{"__symbolic":"call","expression":{"__symbolic":"reference","module":"@angular/core","name":"Input"}}]}],"iconPos":[{"__symbolic":"property","decorators":[{"__symbolic":"call","expression":{"__symbolic":"reference","module":"@angular/core","name":"Input"}}]}],"label":[{"__symbolic":"property","decorators":[{"__symbolic":"call","expression":{"__symbolic":"reference","module":"@angular/core","name":"Input"}}]}],"onClick":[{"__symbolic":"property","decorators":[{"__symbolic":"call","expression":{"__symbolic":"reference","module":"@angular/core","name":"Output"}}]}],"onDropdownClick":[{"__symbolic":"property","decorators":[{"__symbolic":"call","expression":{"__symbolic":"reference","module":"@angular/core","name":"Output"}}]}],"style":[{"__symbolic":"property","decorators":[{"__symbolic":"call","expression":{"__symbolic":"reference","module":"@angular/core","name":"Input"}}]}],"styleClass":[{"__symbolic":"property","decorators":[{"__symbolic":"call","expression":{"__symbolic":"reference","module":"@angular/core","name":"Input"}}]}],"menuStyle":[{"__symbolic":"property","decorators":[{"__symbolic":"call","expression":{"__symbolic":"reference","module":"@angular/core","name":"Input"}}]}],"menuStyleClass":[{"__symbolic":"property","decorators":[{"__symbolic":"call","expression":{"__symbolic":"reference","module":"@angular/core","name":"Input"}}]}],"disabled":[{"__symbolic":"property","decorators":[{"__symbolic":"call","expression":{"__symbolic":"reference","module":"@angular/core","name":"Input"}}]}],"tabindex":[{"__symbolic":"property","decorators":[{"__symbolic":"call","expression":{"__symbolic":"reference","module":"@angular/core","name":"Input"}}]}],"appendTo":[{"__symbolic":"property","decorators":[{"__symbolic":"call","expression":{"__symbolic":"reference","module":"@angular/core","name":"Input"}}]}],"buttonViewChild":[{"__symbolic":"property","decorators":[{"__symbolic":"call","expression":{"__symbolic":"reference","module":"@angular/core","name":"ViewChild"},"arguments":["defaultbtn"]}]}],"overlayViewChild":[{"__symbolic":"property","decorators":[{"__symbolic":"call","expression":{"__symbolic":"reference","module":"@angular/core","name":"ViewChild"},"arguments":["overlay"]}]}],"__ctor__":[{"__symbolic":"constructor","parameters":[{"__symbolic":"reference","module":"@angular/core","name":"ElementRef"},{"__symbolic":"reference","module":"../dom/domhandler","name":"DomHandler"},{"__symbolic":"reference","module":"@angular/core","name":"Renderer2"},{"__symbolic":"reference","module":"@angular/router","name":"Router"},{"__symbolic":"reference","module":"@angular/core","name":"ChangeDetectorRef"}]}],"ngAfterViewInit":[{"__symbolic":"method"}],"ngAfterViewChecked":[{"__symbolic":"method"}],"onDefaultButtonClick":[{"__symbolic":"method"}],"itemClick":[{"__symbolic":"method"}],"show":[{"__symbolic":"method"}],"onShow":[{"__symbolic":"method"}],"onDropdownButtonClick":[{"__symbolic":"method"}],"alignPanel":[{"__symbolic":"method"}],"bindDocumentClickListener":[{"__symbolic":"method"}],"unbindDocumentClickListener":[{"__symbolic":"method"}],"ngOnDestroy":[{"__symbolic":"method"}]}},"SplitButtonModule":{"__symbolic":"class","decorators":[{"__symbolic":"call","expression":{"__symbolic":"reference","module":"@angular/core","name":"NgModule"},"arguments":[{"imports":[{"__symbolic":"reference","module":"@angular/common","name":"CommonModule"},{"__symbolic":"reference","module":"../button/button","name":"ButtonModule"},{"__symbolic":"reference","module":"@angular/router","name":"RouterModule"}],"exports":[{"__symbolic":"reference","name":"SplitButton"},{"__symbolic":"reference","module":"../button/button","name":"ButtonModule"},{"__symbolic":"reference","module":"@angular/router","name":"RouterModule"}],"declarations":[{"__symbolic":"reference","name":"SplitButton"}]}]}]}}},{"__symbolic":"module","version":1,"metadata":{"SplitButton":{"__symbolic":"class","decorators":[{"__symbolic":"call","expression":{"__symbolic":"reference","module":"@angular/core","name":"Component"},"arguments":[{"selector":"p-splitButton","template":"\n        <div #container [ngClass]=\"{'ui-splitbutton ui-buttonset ui-widget':true,'ui-state-disabled':disabled}\" [ngStyle]=\"style\" [class]=\"styleClass\">\n            <button #defaultbtn type=\"button\" pButton [icon]=\"icon\" [iconPos]=\"iconPos\" [label]=\"label\" cornerStyleClass=\"ui-corner-left\" (click)=\"onDefaultButtonClick($event)\" [disabled]=\"disabled\" [attr.tabindex]=\"tabindex\">\n            </button><button type=\"button\" pButton class=\"ui-splitbutton-menubutton\" icon=\"fa-caret-down\" cornerStyleClass=\"ui-corner-right\" (click)=\"onDropdownButtonClick($event)\" [disabled]=\"disabled\"></button>\n            <div #overlay [ngClass]=\"'ui-menu ui-menu-dynamic ui-widget ui-widget-content ui-corner-all ui-helper-clearfix ui-shadow'\" [style.display]=\"menuVisible ? 'block' : 'none'\"\n                    [ngStyle]=\"menuStyle\" [class]=\"menuStyleClass\" [@overlayState]=\"menuVisible ? 'visible' : 'hidden'\">\n                <ul class=\"ui-menu-list ui-helper-reset\">\n                    <li class=\"ui-menuitem ui-widget ui-corner-all\" role=\"menuitem\" *ngFor=\"let item of model\">\n                        <a *ngIf=\"!item.routerLink\" [href]=\"item.url||'#'\" class=\"ui-menuitem-link ui-corner-all\" [attr.target]=\"item.target\"\n                            [ngClass]=\"{'ui-state-disabled':item.disabled}\" (click)=\"itemClick($event, item)\">\n                            <span [ngClass]=\"'ui-menuitem-icon fa fa-fw'\" [class]=\"item.icon\" *ngIf=\"item.icon\"></span>\n                            <span class=\"ui-menuitem-text\">{{item.label}}</span>\n                        </a>\n                        <a *ngIf=\"item.routerLink\" [routerLink]=\"item.routerLink\"\n                            class=\"ui-menuitem-link ui-corner-all\" [attr.target]=\"item.target\" [ngClass]=\"{'ui-state-disabled':item.disabled}\" (click)=\"itemClick($event, item)\">\n                            <span [ngClass]=\"'ui-menuitem-icon fa fa-fw'\" [class]=\"item.icon\" *ngIf=\"item.icon\"></span>\n                            <span class=\"ui-menuitem-text\">{{item.label}}</span>\n                        </a>\n                    </li>\n                </ul>\n            </div>\n        </div>\n    ","animations":[{"__symbolic":"call","expression":{"__symbolic":"reference","module":"@angular/animations","name":"trigger"},"arguments":["overlayState",[{"__symbolic":"call","expression":{"__symbolic":"reference","module":"@angular/animations","name":"state"},"arguments":["hidden",{"__symbolic":"call","expression":{"__symbolic":"reference","module":"@angular/animations","name":"style"},"arguments":[{"opacity":0}]}]},{"__symbolic":"call","expression":{"__symbolic":"reference","module":"@angular/animations","name":"state"},"arguments":["visible",{"__symbolic":"call","expression":{"__symbolic":"reference","module":"@angular/animations","name":"style"},"arguments":[{"opacity":1}]}]},{"__symbolic":"call","expression":{"__symbolic":"reference","module":"@angular/animations","name":"transition"},"arguments":["visible => hidden",{"__symbolic":"call","expression":{"__symbolic":"reference","module":"@angular/animations","name":"animate"},"arguments":["400ms ease-in"]}]},{"__symbolic":"call","expression":{"__symbolic":"reference","module":"@angular/animations","name":"transition"},"arguments":["hidden => visible",{"__symbolic":"call","expression":{"__symbolic":"reference","module":"@angular/animations","name":"animate"},"arguments":["400ms ease-out"]}]}]]}],"providers":[{"__symbolic":"reference","module":"../dom/domhandler","name":"DomHandler"}]}]}],"members":{"model":[{"__symbolic":"property","decorators":[{"__symbolic":"call","expression":{"__symbolic":"reference","module":"@angular/core","name":"Input"}}]}],"icon":[{"__symbolic":"property","decorators":[{"__symbolic":"call","expression":{"__symbolic":"reference","module":"@angular/core","name":"Input"}}]}],"iconPos":[{"__symbolic":"property","decorators":[{"__symbolic":"call","expression":{"__symbolic":"reference","module":"@angular/core","name":"Input"}}]}],"label":[{"__symbolic":"property","decorators":[{"__symbolic":"call","expression":{"__symbolic":"reference","module":"@angular/core","name":"Input"}}]}],"onClick":[{"__symbolic":"property","decorators":[{"__symbolic":"call","expression":{"__symbolic":"reference","module":"@angular/core","name":"Output"}}]}],"onDropdownClick":[{"__symbolic":"property","decorators":[{"__symbolic":"call","expression":{"__symbolic":"reference","module":"@angular/core","name":"Output"}}]}],"style":[{"__symbolic":"property","decorators":[{"__symbolic":"call","expression":{"__symbolic":"reference","module":"@angular/core","name":"Input"}}]}],"styleClass":[{"__symbolic":"property","decorators":[{"__symbolic":"call","expression":{"__symbolic":"reference","module":"@angular/core","name":"Input"}}]}],"menuStyle":[{"__symbolic":"property","decorators":[{"__symbolic":"call","expression":{"__symbolic":"reference","module":"@angular/core","name":"Input"}}]}],"menuStyleClass":[{"__symbolic":"property","decorators":[{"__symbolic":"call","expression":{"__symbolic":"reference","module":"@angular/core","name":"Input"}}]}],"disabled":[{"__symbolic":"property","decorators":[{"__symbolic":"call","expression":{"__symbolic":"reference","module":"@angular/core","name":"Input"}}]}],"tabindex":[{"__symbolic":"property","decorators":[{"__symbolic":"call","expression":{"__symbolic":"reference","module":"@angular/core","name":"Input"}}]}],"appendTo":[{"__symbolic":"property","decorators":[{"__symbolic":"call","expression":{"__symbolic":"reference","module":"@angular/core","name":"Input"}}]}],"buttonViewChild":[{"__symbolic":"property","decorators":[{"__symbolic":"call","expression":{"__symbolic":"reference","module":"@angular/core","name":"ViewChild"},"arguments":["defaultbtn"]}]}],"overlayViewChild":[{"__symbolic":"property","decorators":[{"__symbolic":"call","expression":{"__symbolic":"reference","module":"@angular/core","name":"ViewChild"},"arguments":["overlay"]}]}],"__ctor__":[{"__symbolic":"constructor","parameters":[{"__symbolic":"reference","module":"@angular/core","name":"ElementRef"},{"__symbolic":"reference","module":"../dom/domhandler","name":"DomHandler"},{"__symbolic":"reference","module":"@angular/core","name":"Renderer2"},{"__symbolic":"reference","module":"@angular/router","name":"Router"},{"__symbolic":"reference","module":"@angular/core","name":"ChangeDetectorRef"}]}],"ngAfterViewInit":[{"__symbolic":"method"}],"ngAfterViewChecked":[{"__symbolic":"method"}],"onDefaultButtonClick":[{"__symbolic":"method"}],"itemClick":[{"__symbolic":"method"}],"show":[{"__symbolic":"method"}],"onShow":[{"__symbolic":"method"}],"onDropdownButtonClick":[{"__symbolic":"method"}],"alignPanel":[{"__symbolic":"method"}],"bindDocumentClickListener":[{"__symbolic":"method"}],"unbindDocumentClickListener":[{"__symbolic":"method"}],"ngOnDestroy":[{"__symbolic":"method"}]}},"SplitButtonModule":{"__symbolic":"class","decorators":[{"__symbolic":"call","expression":{"__symbolic":"reference","module":"@angular/core","name":"NgModule"},"arguments":[{"imports":[{"__symbolic":"reference","module":"@angular/common","name":"CommonModule"},{"__symbolic":"reference","module":"../button/button","name":"ButtonModule"},{"__symbolic":"reference","module":"@angular/router","name":"RouterModule"}],"exports":[{"__symbolic":"reference","name":"SplitButton"},{"__symbolic":"reference","module":"../button/button","name":"ButtonModule"},{"__symbolic":"reference","module":"@angular/router","name":"RouterModule"}],"declarations":[{"__symbolic":"reference","name":"SplitButton"}]}]}]}}}]