[{"__symbolic":"module","version":3,"metadata":{"CHECKBOX_VALUE_ACCESSOR":{"provide":{"__symbolic":"reference","module":"@angular/forms","name":"NG_VALUE_ACCESSOR"},"useExisting":{"__symbolic":"reference","name":"Checkbox"},"multi":true},"Checkbox":{"__symbolic":"class","decorators":[{"__symbolic":"call","expression":{"__symbolic":"reference","module":"@angular/core","name":"Component"},"arguments":[{"selector":"p-checkbox","template":"\n        <div [ngStyle]=\"style\" [ngClass]=\"'ui-chkbox ui-widget'\" [class]=\"styleClass\">\n            <div class=\"ui-helper-hidden-accessible\">\n                <input #cb type=\"checkbox\" [attr.id]=\"inputId\" [name]=\"name\" [value]=\"value\" [checked]=\"checked\" (focus)=\"onFocus($event)\" (blur)=\"onBlur($event)\"\n                [ngClass]=\"{'ui-state-focus':focused}\" (change)=\"handleChange($event)\" [disabled]=\"disabled\" [attr.tabindex]=\"tabindex\">\n            </div>\n            <div class=\"ui-chkbox-box ui-widget ui-corner-all ui-state-default\" (click)=\"onClick($event,cb,true)\"\n                        [ngClass]=\"{'ui-state-active':checked,'ui-state-disabled':disabled,'ui-state-focus':focused}\">\n                <span class=\"ui-chkbox-icon ui-clickable\" [ngClass]=\"{'fa fa-check':checked}\"></span>\n            </div>\n        </div>\n        <label class=\"ui-chkbox-label\" (click)=\"onClick($event,cb,true)\" \n                [ngClass]=\"{'ui-label-active':checked, 'ui-label-disabled':disabled, 'ui-label-focus':focused}\"\n                *ngIf=\"label\" [attr.for]=\"inputId\">{{label}}</label>\n    ","providers":[{"__symbolic":"reference","name":"CHECKBOX_VALUE_ACCESSOR"}]}]}],"members":{"value":[{"__symbolic":"property","decorators":[{"__symbolic":"call","expression":{"__symbolic":"reference","module":"@angular/core","name":"Input"}}]}],"name":[{"__symbolic":"property","decorators":[{"__symbolic":"call","expression":{"__symbolic":"reference","module":"@angular/core","name":"Input"}}]}],"disabled":[{"__symbolic":"property","decorators":[{"__symbolic":"call","expression":{"__symbolic":"reference","module":"@angular/core","name":"Input"}}]}],"binary":[{"__symbolic":"property","decorators":[{"__symbolic":"call","expression":{"__symbolic":"reference","module":"@angular/core","name":"Input"}}]}],"label":[{"__symbolic":"property","decorators":[{"__symbolic":"call","expression":{"__symbolic":"reference","module":"@angular/core","name":"Input"}}]}],"tabindex":[{"__symbolic":"property","decorators":[{"__symbolic":"call","expression":{"__symbolic":"reference","module":"@angular/core","name":"Input"}}]}],"inputId":[{"__symbolic":"property","decorators":[{"__symbolic":"call","expression":{"__symbolic":"reference","module":"@angular/core","name":"Input"}}]}],"style":[{"__symbolic":"property","decorators":[{"__symbolic":"call","expression":{"__symbolic":"reference","module":"@angular/core","name":"Input"}}]}],"styleClass":[{"__symbolic":"property","decorators":[{"__symbolic":"call","expression":{"__symbolic":"reference","module":"@angular/core","name":"Input"}}]}],"onChange":[{"__symbolic":"property","decorators":[{"__symbolic":"call","expression":{"__symbolic":"reference","module":"@angular/core","name":"Output"}}]}],"__ctor__":[{"__symbolic":"constructor","parameters":[{"__symbolic":"reference","module":"@angular/core","name":"ChangeDetectorRef"}]}],"onClick":[{"__symbolic":"method"}],"updateModel":[{"__symbolic":"method"}],"handleChange":[{"__symbolic":"method"}],"isChecked":[{"__symbolic":"method"}],"removeValue":[{"__symbolic":"method"}],"addValue":[{"__symbolic":"method"}],"onFocus":[{"__symbolic":"method"}],"onBlur":[{"__symbolic":"method"}],"writeValue":[{"__symbolic":"method"}],"registerOnChange":[{"__symbolic":"method"}],"registerOnTouched":[{"__symbolic":"method"}],"setDisabledState":[{"__symbolic":"method"}]}},"CheckboxModule":{"__symbolic":"class","decorators":[{"__symbolic":"call","expression":{"__symbolic":"reference","module":"@angular/core","name":"NgModule"},"arguments":[{"imports":[{"__symbolic":"reference","module":"@angular/common","name":"CommonModule"}],"exports":[{"__symbolic":"reference","name":"Checkbox"}],"declarations":[{"__symbolic":"reference","name":"Checkbox"}]}]}]}}},{"__symbolic":"module","version":1,"metadata":{"CHECKBOX_VALUE_ACCESSOR":{"provide":{"__symbolic":"reference","module":"@angular/forms","name":"NG_VALUE_ACCESSOR"},"useExisting":{"__symbolic":"reference","name":"Checkbox"},"multi":true},"Checkbox":{"__symbolic":"class","decorators":[{"__symbolic":"call","expression":{"__symbolic":"reference","module":"@angular/core","name":"Component"},"arguments":[{"selector":"p-checkbox","template":"\n        <div [ngStyle]=\"style\" [ngClass]=\"'ui-chkbox ui-widget'\" [class]=\"styleClass\">\n            <div class=\"ui-helper-hidden-accessible\">\n                <input #cb type=\"checkbox\" [attr.id]=\"inputId\" [name]=\"name\" [value]=\"value\" [checked]=\"checked\" (focus)=\"onFocus($event)\" (blur)=\"onBlur($event)\"\n                [ngClass]=\"{'ui-state-focus':focused}\" (change)=\"handleChange($event)\" [disabled]=\"disabled\" [attr.tabindex]=\"tabindex\">\n            </div>\n            <div class=\"ui-chkbox-box ui-widget ui-corner-all ui-state-default\" (click)=\"onClick($event,cb,true)\"\n                        [ngClass]=\"{'ui-state-active':checked,'ui-state-disabled':disabled,'ui-state-focus':focused}\">\n                <span class=\"ui-chkbox-icon ui-clickable\" [ngClass]=\"{'fa fa-check':checked}\"></span>\n            </div>\n        </div>\n        <label class=\"ui-chkbox-label\" (click)=\"onClick($event,cb,true)\" \n                [ngClass]=\"{'ui-label-active':checked, 'ui-label-disabled':disabled, 'ui-label-focus':focused}\"\n                *ngIf=\"label\" [attr.for]=\"inputId\">{{label}}</label>\n    ","providers":[{"__symbolic":"reference","name":"CHECKBOX_VALUE_ACCESSOR"}]}]}],"members":{"value":[{"__symbolic":"property","decorators":[{"__symbolic":"call","expression":{"__symbolic":"reference","module":"@angular/core","name":"Input"}}]}],"name":[{"__symbolic":"property","decorators":[{"__symbolic":"call","expression":{"__symbolic":"reference","module":"@angular/core","name":"Input"}}]}],"disabled":[{"__symbolic":"property","decorators":[{"__symbolic":"call","expression":{"__symbolic":"reference","module":"@angular/core","name":"Input"}}]}],"binary":[{"__symbolic":"property","decorators":[{"__symbolic":"call","expression":{"__symbolic":"reference","module":"@angular/core","name":"Input"}}]}],"label":[{"__symbolic":"property","decorators":[{"__symbolic":"call","expression":{"__symbolic":"reference","module":"@angular/core","name":"Input"}}]}],"tabindex":[{"__symbolic":"property","decorators":[{"__symbolic":"call","expression":{"__symbolic":"reference","module":"@angular/core","name":"Input"}}]}],"inputId":[{"__symbolic":"property","decorators":[{"__symbolic":"call","expression":{"__symbolic":"reference","module":"@angular/core","name":"Input"}}]}],"style":[{"__symbolic":"property","decorators":[{"__symbolic":"call","expression":{"__symbolic":"reference","module":"@angular/core","name":"Input"}}]}],"styleClass":[{"__symbolic":"property","decorators":[{"__symbolic":"call","expression":{"__symbolic":"reference","module":"@angular/core","name":"Input"}}]}],"onChange":[{"__symbolic":"property","decorators":[{"__symbolic":"call","expression":{"__symbolic":"reference","module":"@angular/core","name":"Output"}}]}],"__ctor__":[{"__symbolic":"constructor","parameters":[{"__symbolic":"reference","module":"@angular/core","name":"ChangeDetectorRef"}]}],"onClick":[{"__symbolic":"method"}],"updateModel":[{"__symbolic":"method"}],"handleChange":[{"__symbolic":"method"}],"isChecked":[{"__symbolic":"method"}],"removeValue":[{"__symbolic":"method"}],"addValue":[{"__symbolic":"method"}],"onFocus":[{"__symbolic":"method"}],"onBlur":[{"__symbolic":"method"}],"writeValue":[{"__symbolic":"method"}],"registerOnChange":[{"__symbolic":"method"}],"registerOnTouched":[{"__symbolic":"method"}],"setDisabledState":[{"__symbolic":"method"}]}},"CheckboxModule":{"__symbolic":"class","decorators":[{"__symbolic":"call","expression":{"__symbolic":"reference","module":"@angular/core","name":"NgModule"},"arguments":[{"imports":[{"__symbolic":"reference","module":"@angular/common","name":"CommonModule"}],"exports":[{"__symbolic":"reference","name":"Checkbox"}],"declarations":[{"__symbolic":"reference","name":"Checkbox"}]}]}]}}}]