[{"__symbolic":"module","version":3,"metadata":{"DTRadioButton":{"__symbolic":"class","decorators":[{"__symbolic":"call","expression":{"__symbolic":"reference","module":"@angular/core","name":"Component"},"arguments":[{"selector":"p-dtRadioButton","template":"\n        <div class=\"ui-radiobutton ui-widget\">\n            <div class=\"ui-helper-hidden-accessible\">\n                <input type=\"radio\" [checked]=\"checked\">\n            </div>\n            <div class=\"ui-radiobutton-box ui-widget ui-radiobutton-relative ui-state-default\" (click)=\"handleClick($event)\"\n                        (mouseenter)=\"hover=true\" (mouseleave)=\"hover=false\"\n                        [ngClass]=\"{'ui-state-hover':hover,'ui-state-active':checked}\">\n                <span class=\"ui-radiobutton-icon ui-clickable\" [ngClass]=\"{'fa fa-circle':checked}\"></span>\n            </div>\n        </div>\n    "}]}],"members":{"checked":[{"__symbolic":"property","decorators":[{"__symbolic":"call","expression":{"__symbolic":"reference","module":"@angular/core","name":"Input"}}]}],"onClick":[{"__symbolic":"property","decorators":[{"__symbolic":"call","expression":{"__symbolic":"reference","module":"@angular/core","name":"Output"}}]}],"handleClick":[{"__symbolic":"method"}]}},"DTCheckbox":{"__symbolic":"class","decorators":[{"__symbolic":"call","expression":{"__symbolic":"reference","module":"@angular/core","name":"Component"},"arguments":[{"selector":"p-dtCheckbox","template":"\n        <div class=\"ui-chkbox ui-widget\">\n            <div class=\"ui-helper-hidden-accessible\">\n                <input type=\"checkbox\" [checked]=\"checked\">\n            </div>\n            <div class=\"ui-chkbox-box ui-widget ui-corner-all ui-state-default\" (click)=\"handleClick($event)\"\n                        (mouseover)=\"hover=true\" (mouseout)=\"hover=false\" \n                        [ngClass]=\"{'ui-state-hover':hover&&!disabled,'ui-state-active':checked&&!disabled,'ui-state-disabled':disabled}\">\n                <span class=\"ui-chkbox-icon ui-clickable\" [ngClass]=\"{'fa fa-check':checked}\"></span>\n            </div>\n        </div>\n    "}]}],"members":{"checked":[{"__symbolic":"property","decorators":[{"__symbolic":"call","expression":{"__symbolic":"reference","module":"@angular/core","name":"Input"}}]}],"disabled":[{"__symbolic":"property","decorators":[{"__symbolic":"call","expression":{"__symbolic":"reference","module":"@angular/core","name":"Input"}}]}],"onChange":[{"__symbolic":"property","decorators":[{"__symbolic":"call","expression":{"__symbolic":"reference","module":"@angular/core","name":"Output"}}]}],"handleClick":[{"__symbolic":"method"}]}},"RowExpansionLoader":{"__symbolic":"class","decorators":[{"__symbolic":"call","expression":{"__symbolic":"reference","module":"@angular/core","name":"Component"},"arguments":[{"selector":"p-rowExpansionLoader","template":""}]}],"members":{"template":[{"__symbolic":"property","decorators":[{"__symbolic":"call","expression":{"__symbolic":"reference","module":"@angular/core","name":"Input"}}]}],"rowData":[{"__symbolic":"property","decorators":[{"__symbolic":"call","expression":{"__symbolic":"reference","module":"@angular/core","name":"Input"}}]}],"rowIndex":[{"__symbolic":"property","decorators":[{"__symbolic":"call","expression":{"__symbolic":"reference","module":"@angular/core","name":"Input"}}]}],"__ctor__":[{"__symbolic":"constructor","parameters":[{"__symbolic":"reference","module":"@angular/core","name":"ViewContainerRef"}]}],"ngOnInit":[{"__symbolic":"method"}],"ngOnDestroy":[{"__symbolic":"method"}]}},"ColumnHeaders":{"__symbolic":"class","decorators":[{"__symbolic":"call","expression":{"__symbolic":"reference","module":"@angular/core","name":"Component"},"arguments":[{"selector":"[pColumnHeaders]","template":"\n        <ng-template ngFor let-col [ngForOf]=\"columns\" let-lastCol=\"last\">\n            <th #headerCell [attr.id]=\"col.colId\" [ngStyle]=\"col.style\" [class]=\"col.styleClass\" (click)=\"dt.sort($event,col)\" [attr.colspan]=\"col.colspan\" [attr.rowspan]=\"col.rowspan\"\n                [ngClass]=\"{'ui-state-default ui-unselectable-text':true, 'ui-sortable-column': col.sortable, 'ui-state-active': dt.isSorted(col), 'ui-resizable-column': dt.resizableColumns, 'ui-selection-column':col.selectionMode,\n                            'ui-helper-hidden': col.hidden}\" \n                (dragstart)=\"dt.onColumnDragStart($event)\" (dragleave)=\"dt.onColumnDragleave($event)\" (drop)=\"dt.onColumnDrop($event)\" (mousedown)=\"dt.onHeaderMousedown($event,headerCell)\"\n                [attr.tabindex]=\"col.sortable ? tabindex : null\" (keydown)=\"dt.onHeaderKeydown($event,col)\">\n                <span class=\"ui-column-resizer ui-clickable\" *ngIf=\"dt.resizableColumns && ((dt.columnResizeMode == 'fit' && !lastCol) || dt.columnResizeMode == 'expand')\" (mousedown)=\"dt.initColumnResize($event)\"></span>\n                <span class=\"ui-column-title\" *ngIf=\"!col.selectionMode&&!col.headerTemplate\">{{col.header}}</span>\n                <span class=\"ui-column-title\" *ngIf=\"col.headerTemplate\">\n                    <p-columnHeaderTemplateLoader [column]=\"col\"></p-columnHeaderTemplateLoader>\n                </span>\n                <span class=\"ui-sortable-column-icon fa fa-fw fa-sort\" *ngIf=\"col.sortable\"\n                     [ngClass]=\"{'fa-sort-desc': (dt.getSortOrder(col) == -1),'fa-sort-asc': (dt.getSortOrder(col) == 1)}\"></span>\n                <input [attr.type]=\"col.filterType\" class=\"ui-column-filter ui-inputtext ui-widget ui-state-default ui-corner-all\" [attr.maxlength]=\"col.filterMaxlength\" [attr.placeholder]=\"col.filterPlaceholder\" *ngIf=\"col.filter&&!col.filterTemplate\" [value]=\"dt.filters[col.filterField||col.field] ? dt.filters[col.filterField||col.field].value : ''\" \n                    (click)=\"dt.onFilterInputClick($event)\" (input)=\"dt.onFilterKeyup($event.target.value, col.filterField||col.field, col.filterMatchMode)\"/>\n                <p-columnFilterTemplateLoader [column]=\"col\" *ngIf=\"col.filterTemplate\"></p-columnFilterTemplateLoader>\n                <p-dtCheckbox *ngIf=\"col.selectionMode=='multiple'\" (onChange)=\"dt.toggleRowsWithCheckbox($event)\" [checked]=\"dt.allSelected\" [disabled]=\"dt.isEmpty()\"></p-dtCheckbox>\n            </th>\n        </ng-template>\n    "}]}],"members":{"__ctor__":[{"__symbolic":"constructor","parameterDecorators":[[{"__symbolic":"call","expression":{"__symbolic":"reference","module":"@angular/core","name":"Inject"},"arguments":[{"__symbolic":"reference","name":"DataTable"}]}]],"parameters":[{"__symbolic":"reference","name":"DataTable"}]}],"columns":[{"__symbolic":"property","decorators":[{"__symbolic":"call","expression":{"__symbolic":"reference","module":"@angular/core","name":"Input"},"arguments":["pColumnHeaders"]}]}]}},"ColumnFooters":{"__symbolic":"class","decorators":[{"__symbolic":"call","expression":{"__symbolic":"reference","module":"@angular/core","name":"Component"},"arguments":[{"selector":"[pColumnFooters]","template":"\n        <td *ngFor=\"let col of columns\" [ngStyle]=\"col.style\" [class]=\"col.styleClass\"\n            [attr.colspan]=\"col.colspan\" [attr.rowspan]=\"col.rowspan\"\n            [ngClass]=\"{'ui-state-default':true, 'ui-helper-hidden': col.hidden}\">\n            <span class=\"ui-column-footer\" *ngIf=\"!col.footerTemplate\">{{col.footer}}</span>\n            <span class=\"ui-column-footer\" *ngIf=\"col.footerTemplate\">\n                <p-columnFooterTemplateLoader [column]=\"col\"></p-columnFooterTemplateLoader>\n            </span>\n        </td>\n    "}]}],"members":{"__ctor__":[{"__symbolic":"constructor","parameterDecorators":[[{"__symbolic":"call","expression":{"__symbolic":"reference","module":"@angular/core","name":"Inject"},"arguments":[{"__symbolic":"reference","name":"DataTable"}]}]],"parameters":[{"__symbolic":"reference","name":"DataTable"}]}],"columns":[{"__symbolic":"property","decorators":[{"__symbolic":"call","expression":{"__symbolic":"reference","module":"@angular/core","name":"Input"},"arguments":["pColumnFooters"]}]}]}},"TableBody":{"__symbolic":"class","decorators":[{"__symbolic":"call","expression":{"__symbolic":"reference","module":"@angular/core","name":"Component"},"arguments":[{"selector":"[pTableBody]","template":"\n        <ng-template ngFor let-rowData [ngForOf]=\"data\" let-even=\"even\" let-odd=\"odd\" let-rowIndex=\"index\" [ngForTrackBy]=\"dt.rowTrackBy\">\n            <tr #rowGroupElement class=\"ui-widget-header ui-rowgroup-header\" \n                *ngIf=\"dt.rowGroupMode=='subheader' && (rowIndex === 0||(dt.resolveFieldData(rowData,dt.groupField) !== dt.resolveFieldData(dt.dataToRender[rowIndex - 1], dt.groupField)))\"\n                (click)=\"dt.onRowGroupClick($event)\" [ngStyle]=\"{'cursor': dt.sortableRowGroup ? 'pointer' : 'auto'}\">\n                <td [attr.colspan]=\"dt.visibleColumns().length\">\n                    <a href=\"#\" *ngIf=\"dt.expandableRowGroups\" (click)=\"dt.toggleRowGroup($event,rowData)\">\n                        <span class=\"fa fa-fw\" [ngClass]=\"dt.isRowGroupExpanded(rowData) ? dt.expandedIcon : dt.collapsedIcon\"></span>\n                    </a>\n                    <span class=\"ui-rowgroup-header-name\">\n                        <p-templateLoader [template]=\"dt.rowGroupHeaderTemplate\" [data]=\"rowData\"></p-templateLoader>\n                    </span>\n                </td>\n            </tr>\n            <tr #rowElement *ngIf=\"!dt.expandableRowGroups||dt.isRowGroupExpanded(rowData)\"\n                    (click)=\"dt.handleRowClick($event, rowData, rowIndex)\" (dblclick)=\"dt.rowDblclick($event,rowData)\" (contextmenu)=\"dt.onRowRightClick($event,rowData)\" (touchend)=\"dt.handleRowTouchEnd($event)\"\n                    [ngClass]=\"[even&&dt.rowGroupMode!='rowspan'? 'ui-datatable-even':'',\n                                odd&&dt.rowGroupMode!='rowspan'?'ui-datatable-odd':'',\n                                dt.isSelected(rowData)? 'ui-state-highlight': '', \n                                dt.getRowStyleClass(rowData,rowIndex)]\">\n                <ng-template ngFor let-col [ngForOf]=\"columns\" let-colIndex=\"index\">\n                    <td #cell *ngIf=\"!dt.rowGroupMode || (dt.rowGroupMode == 'subheader') ||\n                        (dt.rowGroupMode=='rowspan' && ((dt.sortField==col.field && dt.rowGroupMetadata[dt.resolveFieldData(rowData,dt.sortField)].index == rowIndex) || (dt.sortField!=col.field)))\"\n                        [ngStyle]=\"col.style\" [class]=\"col.styleClass\" (click)=\"dt.switchCellToEditMode(cell,col,rowData)\"\n                        [ngClass]=\"{'ui-editable-column':col.editable,'ui-selection-column':col.selectionMode, 'ui-helper-hidden': col.hidden}\"\n                        [attr.rowspan]=\"(dt.rowGroupMode=='rowspan' && dt.sortField == col.field && dt.rowGroupMetadata[dt.resolveFieldData(rowData,dt.sortField)].index == rowIndex) ? dt.rowGroupMetadata[dt.resolveFieldData(rowData,dt.sortField)].size : null\">\n                        <span class=\"ui-column-title\" *ngIf=\"dt.responsive\">{{col.header}}</span>\n                        <span class=\"ui-cell-data\" *ngIf=\"!col.bodyTemplate && !col.expander && !col.selectionMode\">{{dt.resolveFieldData(rowData,col.field)}}</span>\n                        <span class=\"ui-cell-data\" *ngIf=\"col.bodyTemplate\">\n                            <p-columnBodyTemplateLoader [column]=\"col\" [rowData]=\"rowData\" [rowIndex]=\"rowIndex + dt.first\"></p-columnBodyTemplateLoader>\n                        </span>\n                        <div class=\"ui-cell-editor\" *ngIf=\"col.editable\">\n                            <input *ngIf=\"!col.editorTemplate\" type=\"text\" [(ngModel)]=\"rowData[col.field]\" required=\"true\"\n                                (keydown)=\"dt.onCellEditorKeydown($event, col, rowData, rowIndex)\" class=\"ui-inputtext ui-widget ui-state-default ui-corner-all\"/>\n                            <a *ngIf=\"col.editorTemplate\" class=\"ui-cell-editor-proxy-focus\" href=\"#\" (focus)=\"dt.onCustomEditorFocusPrev($event, colIndex)\"></a>\n                            <p-columnEditorTemplateLoader *ngIf=\"col.editorTemplate\" [column]=\"col\" [rowData]=\"rowData\" [rowIndex]=\"rowIndex\"></p-columnEditorTemplateLoader>\n                            <a *ngIf=\"col.editorTemplate\" class=\"ui-cell-editor-proxy-focus\" href=\"#\" (focus)=\"dt.onCustomEditorFocusNext($event, colIndex)\"></a>\n                        </div>\n                        <a href=\"#\" *ngIf=\"col.expander\" (click)=\"dt.toggleRow(rowData,$event)\">\n                            <span class=\"ui-row-toggler fa fa-fw ui-clickable\" [ngClass]=\"dt.isRowExpanded(rowData) ? dt.expandedIcon : dt.collapsedIcon\"></span>\n                        </a>\n                        <p-dtRadioButton *ngIf=\"col.selectionMode=='single'\" (onClick)=\"dt.selectRowWithRadio($event, rowData)\" [checked]=\"dt.isSelected(rowData)\"></p-dtRadioButton>\n                        <p-dtCheckbox *ngIf=\"col.selectionMode=='multiple'\" (onChange)=\"dt.toggleRowWithCheckbox($event,rowData)\" [checked]=\"dt.isSelected(rowData)\"></p-dtCheckbox>\n                    </td>\n                </ng-template>\n            </tr>\n            <tr class=\"ui-widget-header\" *ngIf=\"dt.rowGroupFooterTemplate && dt.rowGroupMode=='subheader' && ((rowIndex === dt.dataToRender.length - 1)||(dt.resolveFieldData(rowData,dt.groupField) !== dt.resolveFieldData(dt.dataToRender[rowIndex + 1],dt.groupField))) && (!dt.expandableRowGroups || dt.isRowGroupExpanded(rowData))\">\n                <p-templateLoader class=\"ui-helper-hidden\" [data]=\"rowData\" [template]=\"dt.rowGroupFooterTemplate\"></p-templateLoader>\n            </tr>\n            <tr *ngIf=\"dt.expandableRows && dt.isRowExpanded(rowData)\">\n                <td [attr.colspan]=\"dt.visibleColumns().length\">\n                    <p-rowExpansionLoader [rowData]=\"rowData\" [rowIndex]=\"rowIndex\" [template]=\"dt.rowExpansionTemplate\"></p-rowExpansionLoader>\n                </td>\n            </tr>\n        </ng-template>\n\n        <tr *ngIf=\"dt.isEmpty()\" class=\"ui-widget-content ui-datatable-emptymessage-row\">\n            <td [attr.colspan]=\"dt.visibleColumns().length\" class=\"ui-datatable-emptymessage\">\n                <span *ngIf=\"!dt.emptyMessageTemplate\">{{dt.emptyMessage}}</span>\n                <p-templateLoader [template]=\"dt.emptyMessageTemplate\"></p-templateLoader>\n            </td>\n        </tr>\n    "}]}],"members":{"__ctor__":[{"__symbolic":"constructor","parameterDecorators":[[{"__symbolic":"call","expression":{"__symbolic":"reference","module":"@angular/core","name":"Inject"},"arguments":[{"__symbolic":"reference","name":"DataTable"}]}]],"parameters":[{"__symbolic":"reference","name":"DataTable"}]}],"columns":[{"__symbolic":"property","decorators":[{"__symbolic":"call","expression":{"__symbolic":"reference","module":"@angular/core","name":"Input"},"arguments":["pTableBody"]}]}],"data":[{"__symbolic":"property","decorators":[{"__symbolic":"call","expression":{"__symbolic":"reference","module":"@angular/core","name":"Input"}}]}],"visibleColumns":[{"__symbolic":"method"}]}},"ScrollableView":{"__symbolic":"class","decorators":[{"__symbolic":"call","expression":{"__symbolic":"reference","module":"@angular/core","name":"Component"},"arguments":[{"selector":"[pScrollableView]","template":"\n        <div #scrollHeader class=\"ui-widget-header ui-datatable-scrollable-header\" [ngStyle]=\"{'width': width}\">\n            <div #scrollHeaderBox  class=\"ui-datatable-scrollable-header-box\">\n                <table [ngClass]=\"dt.tableStyleClass\" [ngStyle]=\"dt.tableStyle\">\n                    <thead class=\"ui-datatable-thead\">\n                        <tr *ngIf=\"!dt.headerColumnGroup\" class=\"ui-state-default\" [pColumnHeaders]=\"columns\"></tr>\n                        <ng-template [ngIf]=\"dt.headerColumnGroup\">\n                            <tr *ngFor=\"let headerRow of dt.headerColumnGroup.rows\" class=\"ui-state-default\" [pColumnHeaders]=\"headerRow.columns\"></tr>\n                        </ng-template>\n                    </thead>\n                    <tbody *ngIf=\"dt.frozenValue\" [ngClass]=\"{'ui-datatable-data ui-widget-content': true, 'ui-datatable-hoverable-rows': (dt.rowHover||dt.selectionMode)}\" [pTableBody]=\"columns\" [data]=\"dt.frozenValue\"></tbody>\n                </table>\n            </div>\n        </div>\n        <div #scrollBody class=\"ui-datatable-scrollable-body\" [ngStyle]=\"{'width': width,'max-height':dt.scrollHeight}\">\n            <div #scrollTableWrapper class=\"ui-datatable-scrollable-table-wrapper\" style=\"position:relative\">\n                <table #scrollTable [class]=\"dt.tableStyleClass\" [ngStyle]=\"dt.tableStyle\" [ngClass]=\"{'ui-datatable-virtual-table':virtualScroll}\" style=\"top:0px\">\n                    <colgroup class=\"ui-datatable-scrollable-colgroup\">\n                        <col *ngFor=\"let col of columns\" [ngStyle]=\"col.style\" [ngClass]=\"{'ui-helper-hidden': col.hidden}\"/>\n                    </colgroup>\n                    <tbody [ngClass]=\"{'ui-datatable-data ui-widget-content': true, 'ui-datatable-hoverable-rows': (dt.rowHover||dt.selectionMode)}\" [pTableBody]=\"columns\" [data]=\"dt.dataToRender\"></tbody>\n                </table>\n            </div>\n        </div>\n        <div #scrollFooter class=\"ui-widget-header ui-datatable-scrollable-footer\" [ngStyle]=\"{'width': width}\" *ngIf=\"dt.hasFooter()\">\n            <div #scrollFooterBox  class=\"ui-datatable-scrollable-footer-box\">\n                <table [ngClass]=\"dt.tableStyleClass\" [ngStyle]=\"dt.tableStyle\">\n                    <tfoot class=\"ui-datatable-tfoot\">\n                        <tr *ngIf=\"!dt.footerColumnGroup\" [pColumnFooters]=\"columns\" class=\"ui-state-default\"></tr>\n                        <ng-template [ngIf]=\"dt.footerColumnGroup\">\n                            <tr *ngFor=\"let footerRow of dt.footerColumnGroup.rows\" class=\"ui-state-default\" [pColumnFooters]=\"footerRow.columns\"></tr>\n                        </ng-template>\n                    </tfoot>\n                </table>\n            </div>\n        </div>\n    "}]}],"members":{"__ctor__":[{"__symbolic":"constructor","parameterDecorators":[[{"__symbolic":"call","expression":{"__symbolic":"reference","module":"@angular/core","name":"Inject"},"arguments":[{"__symbolic":"reference","name":"DataTable"}]}],null,null,null,null],"parameters":[{"__symbolic":"reference","name":"DataTable"},{"__symbolic":"reference","module":"../dom/domhandler","name":"DomHandler"},{"__symbolic":"reference","module":"@angular/core","name":"ElementRef"},{"__symbolic":"reference","module":"@angular/core","name":"Renderer2"},{"__symbolic":"reference","module":"@angular/core","name":"NgZone"}]}],"columns":[{"__symbolic":"property","decorators":[{"__symbolic":"call","expression":{"__symbolic":"reference","module":"@angular/core","name":"Input"},"arguments":["pScrollableView"]}]}],"scrollHeaderViewChild":[{"__symbolic":"property","decorators":[{"__symbolic":"call","expression":{"__symbolic":"reference","module":"@angular/core","name":"ViewChild"},"arguments":["scrollHeader"]}]}],"scrollHeaderBoxViewChild":[{"__symbolic":"property","decorators":[{"__symbolic":"call","expression":{"__symbolic":"reference","module":"@angular/core","name":"ViewChild"},"arguments":["scrollHeaderBox"]}]}],"scrollBodyViewChild":[{"__symbolic":"property","decorators":[{"__symbolic":"call","expression":{"__symbolic":"reference","module":"@angular/core","name":"ViewChild"},"arguments":["scrollBody"]}]}],"scrollTableViewChild":[{"__symbolic":"property","decorators":[{"__symbolic":"call","expression":{"__symbolic":"reference","module":"@angular/core","name":"ViewChild"},"arguments":["scrollTable"]}]}],"scrollTableWrapperViewChild":[{"__symbolic":"property","decorators":[{"__symbolic":"call","expression":{"__symbolic":"reference","module":"@angular/core","name":"ViewChild"},"arguments":["scrollTableWrapper"]}]}],"scrollFooterViewChild":[{"__symbolic":"property","decorators":[{"__symbolic":"call","expression":{"__symbolic":"reference","module":"@angular/core","name":"ViewChild"},"arguments":["scrollFooter"]}]}],"scrollFooterBoxViewChild":[{"__symbolic":"property","decorators":[{"__symbolic":"call","expression":{"__symbolic":"reference","module":"@angular/core","name":"ViewChild"},"arguments":["scrollFooterBox"]}]}],"frozen":[{"__symbolic":"property","decorators":[{"__symbolic":"call","expression":{"__symbolic":"reference","module":"@angular/core","name":"Input"}}]}],"width":[{"__symbolic":"property","decorators":[{"__symbolic":"call","expression":{"__symbolic":"reference","module":"@angular/core","name":"Input"}}]}],"virtualScroll":[{"__symbolic":"property","decorators":[{"__symbolic":"call","expression":{"__symbolic":"reference","module":"@angular/core","name":"Input"}}]}],"onVirtualScroll":[{"__symbolic":"property","decorators":[{"__symbolic":"call","expression":{"__symbolic":"reference","module":"@angular/core","name":"Output"}}]}],"ngAfterViewInit":[{"__symbolic":"method"}],"ngAfterViewChecked":[{"__symbolic":"method"}],"initScrolling":[{"__symbolic":"method"}],"onBodyScroll":[{"__symbolic":"method"}],"onHeaderScroll":[{"__symbolic":"method"}],"hasVerticalOverflow":[{"__symbolic":"method"}],"alignScrollBar":[{"__symbolic":"method"}],"ngOnDestroy":[{"__symbolic":"method"}]}},"DataTable":{"__symbolic":"class","decorators":[{"__symbolic":"call","expression":{"__symbolic":"reference","module":"@angular/core","name":"Component"},"arguments":[{"selector":"p-dataTable","template":"\n        <div [ngStyle]=\"style\" [class]=\"styleClass\" [style.width]=\"containerWidth\"\n            [ngClass]=\"{'ui-datatable ui-widget':true,'ui-datatable-reflow':responsive,'ui-datatable-stacked':stacked,'ui-datatable-resizable':resizableColumns,'ui-datatable-scrollable':scrollable}\">\n            <div class=\"ui-datatable-loading ui-widget-overlay\" *ngIf=\"loading\"></div>\n            <div class=\"ui-datatable-loading-content\" *ngIf=\"loading\">\n                <i [class]=\"'fa fa-spin fa-2x ' + loadingIcon\"></i>\n            </div>\n            <div class=\"ui-datatable-header ui-widget-header\" *ngIf=\"header\">\n                <ng-content select=\"p-header\"></ng-content>\n            </div>\n            <p-paginator [rows]=\"rows\" [first]=\"first\" [totalRecords]=\"totalRecords\" [pageLinkSize]=\"pageLinks\" styleClass=\"ui-paginator-top\" [alwaysShow]=\"alwaysShowPaginator\"\n                (onPageChange)=\"onPageChange($event)\" [rowsPerPageOptions]=\"rowsPerPageOptions\" *ngIf=\"paginator && paginatorPosition =='top' || paginatorPosition =='both'\"></p-paginator>\n            <div class=\"ui-datatable-tablewrapper\" *ngIf=\"!scrollable\">\n                <table [ngClass]=\"tableStyleClass\" [ngStyle]=\"tableStyle\">\n                    <thead class=\"ui-datatable-thead\">\n                        <tr *ngIf=\"!headerColumnGroup\" class=\"ui-state-default\" [pColumnHeaders]=\"columns\"></tr>\n                        <ng-template [ngIf]=\"headerColumnGroup\">\n                            <tr *ngFor=\"let headerRow of headerColumnGroup.rows\" class=\"ui-state-default\" [pColumnHeaders]=\"headerRow.columns\"></tr>\n                        </ng-template>\n                    </thead>\n                    <tfoot *ngIf=\"hasFooter()\" class=\"ui-datatable-tfoot\">\n                        <tr *ngIf=\"!footerColumnGroup\" class=\"ui-state-default\" [pColumnFooters]=\"columns\"></tr>\n                        <ng-template [ngIf]=\"footerColumnGroup\">\n                            <tr *ngFor=\"let footerRow of footerColumnGroup.rows\" class=\"ui-state-default\" [pColumnFooters]=\"footerRow.columns\"></tr>\n                        </ng-template>\n                    </tfoot>\n                    <tbody [ngClass]=\"{'ui-datatable-data ui-widget-content': true, 'ui-datatable-hoverable-rows': (rowHover||selectionMode)}\" [pTableBody]=\"columns\" [data]=\"dataToRender\"></tbody>\n                </table>\n            </div>\n            \n            <ng-template [ngIf]=\"scrollable\">\n                <div class=\"ui-datatable-scrollable-wrapper ui-helper-clearfix\" [ngClass]=\"{'max-height':scrollHeight}\">\n                    <div *ngIf=\"hasFrozenColumns()\" [pScrollableView]=\"frozenColumns\" frozen=\"true\" \n                        [ngStyle]=\"{'width':this.frozenWidth}\" class=\"ui-datatable-scrollable-view ui-datatable-frozen-view\"></div>\n                    <div [pScrollableView]=\"scrollableColumns\" [ngStyle]=\"{'width':this.unfrozenWidth, 'left': this.frozenWidth}\"\n                        class=\"ui-datatable-scrollable-view\" [virtualScroll]=\"virtualScroll\" (onVirtualScroll)=\"onVirtualScroll($event)\"\n                        [ngClass]=\"{'ui-datatable-unfrozen-view': hasFrozenColumns()}\"></div>\n                </div>\n            </ng-template>\n            \n            <p-paginator [rows]=\"rows\" [first]=\"first\" [totalRecords]=\"totalRecords\" [pageLinkSize]=\"pageLinks\" styleClass=\"ui-paginator-bottom\" [alwaysShow]=\"alwaysShowPaginator\"\n                (onPageChange)=\"onPageChange($event)\" [rowsPerPageOptions]=\"rowsPerPageOptions\" *ngIf=\"paginator && paginatorPosition =='bottom' || paginatorPosition =='both'\"></p-paginator>\n            <div class=\"ui-datatable-footer ui-widget-header\" *ngIf=\"footer\">\n                <ng-content select=\"p-footer\"></ng-content>\n            </div>\n            \n            <div class=\"ui-column-resizer-helper ui-state-highlight\" style=\"display:none\"></div>\n            <span class=\"fa fa-arrow-down ui-datatable-reorder-indicator-up\" style=\"position: absolute; display: none;\"></span>\n            <span class=\"fa fa-arrow-up ui-datatable-reorder-indicator-down\" style=\"position: absolute; display: none;\"></span>\n        </div>\n    ","providers":[{"__symbolic":"reference","module":"../dom/domhandler","name":"DomHandler"},{"__symbolic":"reference","module":"../utils/objectutils","name":"ObjectUtils"}]}]}],"members":{"paginator":[{"__symbolic":"property","decorators":[{"__symbolic":"call","expression":{"__symbolic":"reference","module":"@angular/core","name":"Input"}}]}],"rows":[{"__symbolic":"property","decorators":[{"__symbolic":"call","expression":{"__symbolic":"reference","module":"@angular/core","name":"Input"}}]}],"pageLinks":[{"__symbolic":"property","decorators":[{"__symbolic":"call","expression":{"__symbolic":"reference","module":"@angular/core","name":"Input"}}]}],"rowsPerPageOptions":[{"__symbolic":"property","decorators":[{"__symbolic":"call","expression":{"__symbolic":"reference","module":"@angular/core","name":"Input"}}]}],"responsive":[{"__symbolic":"property","decorators":[{"__symbolic":"call","expression":{"__symbolic":"reference","module":"@angular/core","name":"Input"}}]}],"stacked":[{"__symbolic":"property","decorators":[{"__symbolic":"call","expression":{"__symbolic":"reference","module":"@angular/core","name":"Input"}}]}],"selectionMode":[{"__symbolic":"property","decorators":[{"__symbolic":"call","expression":{"__symbolic":"reference","module":"@angular/core","name":"Input"}}]}],"selectionChange":[{"__symbolic":"property","decorators":[{"__symbolic":"call","expression":{"__symbolic":"reference","module":"@angular/core","name":"Output"}}]}],"editable":[{"__symbolic":"property","decorators":[{"__symbolic":"call","expression":{"__symbolic":"reference","module":"@angular/core","name":"Input"}}]}],"onRowClick":[{"__symbolic":"property","decorators":[{"__symbolic":"call","expression":{"__symbolic":"reference","module":"@angular/core","name":"Output"}}]}],"onRowSelect":[{"__symbolic":"property","decorators":[{"__symbolic":"call","expression":{"__symbolic":"reference","module":"@angular/core","name":"Output"}}]}],"onRowUnselect":[{"__symbolic":"property","decorators":[{"__symbolic":"call","expression":{"__symbolic":"reference","module":"@angular/core","name":"Output"}}]}],"onRowDblclick":[{"__symbolic":"property","decorators":[{"__symbolic":"call","expression":{"__symbolic":"reference","module":"@angular/core","name":"Output"}}]}],"onHeaderCheckboxToggle":[{"__symbolic":"property","decorators":[{"__symbolic":"call","expression":{"__symbolic":"reference","module":"@angular/core","name":"Output"}}]}],"headerCheckboxToggleAllPages":[{"__symbolic":"property","decorators":[{"__symbolic":"call","expression":{"__symbolic":"reference","module":"@angular/core","name":"Input"}}]}],"onContextMenuSelect":[{"__symbolic":"property","decorators":[{"__symbolic":"call","expression":{"__symbolic":"reference","module":"@angular/core","name":"Output"}}]}],"filterDelay":[{"__symbolic":"property","decorators":[{"__symbolic":"call","expression":{"__symbolic":"reference","module":"@angular/core","name":"Input"}}]}],"lazy":[{"__symbolic":"property","decorators":[{"__symbolic":"call","expression":{"__symbolic":"reference","module":"@angular/core","name":"Input"}}]}],"onLazyLoad":[{"__symbolic":"property","decorators":[{"__symbolic":"call","expression":{"__symbolic":"reference","module":"@angular/core","name":"Output"}}]}],"resizableColumns":[{"__symbolic":"property","decorators":[{"__symbolic":"call","expression":{"__symbolic":"reference","module":"@angular/core","name":"Input"}}]}],"columnResizeMode":[{"__symbolic":"property","decorators":[{"__symbolic":"call","expression":{"__symbolic":"reference","module":"@angular/core","name":"Input"}}]}],"onColResize":[{"__symbolic":"property","decorators":[{"__symbolic":"call","expression":{"__symbolic":"reference","module":"@angular/core","name":"Output"}}]}],"reorderableColumns":[{"__symbolic":"property","decorators":[{"__symbolic":"call","expression":{"__symbolic":"reference","module":"@angular/core","name":"Input"}}]}],"onColReorder":[{"__symbolic":"property","decorators":[{"__symbolic":"call","expression":{"__symbolic":"reference","module":"@angular/core","name":"Output"}}]}],"scrollable":[{"__symbolic":"property","decorators":[{"__symbolic":"call","expression":{"__symbolic":"reference","module":"@angular/core","name":"Input"}}]}],"virtualScroll":[{"__symbolic":"property","decorators":[{"__symbolic":"call","expression":{"__symbolic":"reference","module":"@angular/core","name":"Input"}}]}],"scrollHeight":[{"__symbolic":"property","decorators":[{"__symbolic":"call","expression":{"__symbolic":"reference","module":"@angular/core","name":"Input"}}]}],"scrollWidth":[{"__symbolic":"property","decorators":[{"__symbolic":"call","expression":{"__symbolic":"reference","module":"@angular/core","name":"Input"}}]}],"frozenWidth":[{"__symbolic":"property","decorators":[{"__symbolic":"call","expression":{"__symbolic":"reference","module":"@angular/core","name":"Input"}}]}],"unfrozenWidth":[{"__symbolic":"property","decorators":[{"__symbolic":"call","expression":{"__symbolic":"reference","module":"@angular/core","name":"Input"}}]}],"style":[{"__symbolic":"property","decorators":[{"__symbolic":"call","expression":{"__symbolic":"reference","module":"@angular/core","name":"Input"}}]}],"styleClass":[{"__symbolic":"property","decorators":[{"__symbolic":"call","expression":{"__symbolic":"reference","module":"@angular/core","name":"Input"}}]}],"tableStyle":[{"__symbolic":"property","decorators":[{"__symbolic":"call","expression":{"__symbolic":"reference","module":"@angular/core","name":"Input"}}]}],"tableStyleClass":[{"__symbolic":"property","decorators":[{"__symbolic":"call","expression":{"__symbolic":"reference","module":"@angular/core","name":"Input"}}]}],"globalFilter":[{"__symbolic":"property","decorators":[{"__symbolic":"call","expression":{"__symbolic":"reference","module":"@angular/core","name":"Input"}}]}],"sortMode":[{"__symbolic":"property","decorators":[{"__symbolic":"call","expression":{"__symbolic":"reference","module":"@angular/core","name":"Input"}}]}],"sortField":[{"__symbolic":"property","decorators":[{"__symbolic":"call","expression":{"__symbolic":"reference","module":"@angular/core","name":"Input"}}]}],"sortOrder":[{"__symbolic":"property","decorators":[{"__symbolic":"call","expression":{"__symbolic":"reference","module":"@angular/core","name":"Input"}}]}],"defaultSortOrder":[{"__symbolic":"property","decorators":[{"__symbolic":"call","expression":{"__symbolic":"reference","module":"@angular/core","name":"Input"}}]}],"groupField":[{"__symbolic":"property","decorators":[{"__symbolic":"call","expression":{"__symbolic":"reference","module":"@angular/core","name":"Input"}}]}],"multiSortMeta":[{"__symbolic":"property","decorators":[{"__symbolic":"call","expression":{"__symbolic":"reference","module":"@angular/core","name":"Input"}}]}],"contextMenu":[{"__symbolic":"property","decorators":[{"__symbolic":"call","expression":{"__symbolic":"reference","module":"@angular/core","name":"Input"}}]}],"csvSeparator":[{"__symbolic":"property","decorators":[{"__symbolic":"call","expression":{"__symbolic":"reference","module":"@angular/core","name":"Input"}}]}],"exportFilename":[{"__symbolic":"property","decorators":[{"__symbolic":"call","expression":{"__symbolic":"reference","module":"@angular/core","name":"Input"}}]}],"emptyMessage":[{"__symbolic":"property","decorators":[{"__symbolic":"call","expression":{"__symbolic":"reference","module":"@angular/core","name":"Input"}}]}],"paginatorPosition":[{"__symbolic":"property","decorators":[{"__symbolic":"call","expression":{"__symbolic":"reference","module":"@angular/core","name":"Input"}}]}],"alwaysShowPaginator":[{"__symbolic":"property","decorators":[{"__symbolic":"call","expression":{"__symbolic":"reference","module":"@angular/core","name":"Input"}}]}],"metaKeySelection":[{"__symbolic":"property","decorators":[{"__symbolic":"call","expression":{"__symbolic":"reference","module":"@angular/core","name":"Input"}}]}],"rowTrackBy":[{"__symbolic":"property","decorators":[{"__symbolic":"call","expression":{"__symbolic":"reference","module":"@angular/core","name":"Input"}}]}],"immutable":[{"__symbolic":"property","decorators":[{"__symbolic":"call","expression":{"__symbolic":"reference","module":"@angular/core","name":"Input"}}]}],"frozenValue":[{"__symbolic":"property","decorators":[{"__symbolic":"call","expression":{"__symbolic":"reference","module":"@angular/core","name":"Input"}}]}],"compareSelectionBy":[{"__symbolic":"property","decorators":[{"__symbolic":"call","expression":{"__symbolic":"reference","module":"@angular/core","name":"Input"}}]}],"onEditInit":[{"__symbolic":"property","decorators":[{"__symbolic":"call","expression":{"__symbolic":"reference","module":"@angular/core","name":"Output"}}]}],"onEditComplete":[{"__symbolic":"property","decorators":[{"__symbolic":"call","expression":{"__symbolic":"reference","module":"@angular/core","name":"Output"}}]}],"onEdit":[{"__symbolic":"property","decorators":[{"__symbolic":"call","expression":{"__symbolic":"reference","module":"@angular/core","name":"Output"}}]}],"onEditCancel":[{"__symbolic":"property","decorators":[{"__symbolic":"call","expression":{"__symbolic":"reference","module":"@angular/core","name":"Output"}}]}],"onPage":[{"__symbolic":"property","decorators":[{"__symbolic":"call","expression":{"__symbolic":"reference","module":"@angular/core","name":"Output"}}]}],"onSort":[{"__symbolic":"property","decorators":[{"__symbolic":"call","expression":{"__symbolic":"reference","module":"@angular/core","name":"Output"}}]}],"onFilter":[{"__symbolic":"property","decorators":[{"__symbolic":"call","expression":{"__symbolic":"reference","module":"@angular/core","name":"Output"}}]}],"header":[{"__symbolic":"property","decorators":[{"__symbolic":"call","expression":{"__symbolic":"reference","module":"@angular/core","name":"ContentChild"},"arguments":[{"__symbolic":"reference","module":"../common/shared","name":"Header"}]}]}],"footer":[{"__symbolic":"property","decorators":[{"__symbolic":"call","expression":{"__symbolic":"reference","module":"@angular/core","name":"ContentChild"},"arguments":[{"__symbolic":"reference","module":"../common/shared","name":"Footer"}]}]}],"expandableRows":[{"__symbolic":"property","decorators":[{"__symbolic":"call","expression":{"__symbolic":"reference","module":"@angular/core","name":"Input"}}]}],"expandedRows":[{"__symbolic":"property","decorators":[{"__symbolic":"call","expression":{"__symbolic":"reference","module":"@angular/core","name":"Input"}}]}],"expandableRowGroups":[{"__symbolic":"property","decorators":[{"__symbolic":"call","expression":{"__symbolic":"reference","module":"@angular/core","name":"Input"}}]}],"rowExpandMode":[{"__symbolic":"property","decorators":[{"__symbolic":"call","expression":{"__symbolic":"reference","module":"@angular/core","name":"Input"}}]}],"expandedRowsGroups":[{"__symbolic":"property","decorators":[{"__symbolic":"call","expression":{"__symbolic":"reference","module":"@angular/core","name":"Input"}}]}],"expandedIcon":[{"__symbolic":"property","decorators":[{"__symbolic":"call","expression":{"__symbolic":"reference","module":"@angular/core","name":"Input"}}]}],"collapsedIcon":[{"__symbolic":"property","decorators":[{"__symbolic":"call","expression":{"__symbolic":"reference","module":"@angular/core","name":"Input"}}]}],"tabindex":[{"__symbolic":"property","decorators":[{"__symbolic":"call","expression":{"__symbolic":"reference","module":"@angular/core","name":"Input"}}]}],"rowStyleClass":[{"__symbolic":"property","decorators":[{"__symbolic":"call","expression":{"__symbolic":"reference","module":"@angular/core","name":"Input"}}]}],"rowStyleMap":[{"__symbolic":"property","decorators":[{"__symbolic":"call","expression":{"__symbolic":"reference","module":"@angular/core","name":"Input"}}]}],"rowGroupMode":[{"__symbolic":"property","decorators":[{"__symbolic":"call","expression":{"__symbolic":"reference","module":"@angular/core","name":"Input"}}]}],"sortableRowGroup":[{"__symbolic":"property","decorators":[{"__symbolic":"call","expression":{"__symbolic":"reference","module":"@angular/core","name":"Input"}}]}],"sortFile":[{"__symbolic":"property","decorators":[{"__symbolic":"call","expression":{"__symbolic":"reference","module":"@angular/core","name":"Input"}}]}],"rowHover":[{"__symbolic":"property","decorators":[{"__symbolic":"call","expression":{"__symbolic":"reference","module":"@angular/core","name":"Input"}}]}],"filters":[{"__symbolic":"property","decorators":[{"__symbolic":"call","expression":{"__symbolic":"reference","module":"@angular/core","name":"Input"}}]}],"dataKey":[{"__symbolic":"property","decorators":[{"__symbolic":"call","expression":{"__symbolic":"reference","module":"@angular/core","name":"Input"}}]}],"loading":[{"__symbolic":"property","decorators":[{"__symbolic":"call","expression":{"__symbolic":"reference","module":"@angular/core","name":"Input"}}]}],"loadingIcon":[{"__symbolic":"property","decorators":[{"__symbolic":"call","expression":{"__symbolic":"reference","module":"@angular/core","name":"Input"}}]}],"virtualScrollDelay":[{"__symbolic":"property","decorators":[{"__symbolic":"call","expression":{"__symbolic":"reference","module":"@angular/core","name":"Input"}}]}],"valueChange":[{"__symbolic":"property","decorators":[{"__symbolic":"call","expression":{"__symbolic":"reference","module":"@angular/core","name":"Output"}}]}],"firstChange":[{"__symbolic":"property","decorators":[{"__symbolic":"call","expression":{"__symbolic":"reference","module":"@angular/core","name":"Output"}}]}],"onRowExpand":[{"__symbolic":"property","decorators":[{"__symbolic":"call","expression":{"__symbolic":"reference","module":"@angular/core","name":"Output"}}]}],"onRowCollapse":[{"__symbolic":"property","decorators":[{"__symbolic":"call","expression":{"__symbolic":"reference","module":"@angular/core","name":"Output"}}]}],"onRowGroupExpand":[{"__symbolic":"property","decorators":[{"__symbolic":"call","expression":{"__symbolic":"reference","module":"@angular/core","name":"Output"}}]}],"onRowGroupCollapse":[{"__symbolic":"property","decorators":[{"__symbolic":"call","expression":{"__symbolic":"reference","module":"@angular/core","name":"Output"}}]}],"templates":[{"__symbolic":"property","decorators":[{"__symbolic":"call","expression":{"__symbolic":"reference","module":"@angular/core","name":"ContentChildren"},"arguments":[{"__symbolic":"reference","module":"../common/shared","name":"PrimeTemplate"}]}]}],"cols":[{"__symbolic":"property","decorators":[{"__symbolic":"call","expression":{"__symbolic":"reference","module":"@angular/core","name":"ContentChildren"},"arguments":[{"__symbolic":"reference","module":"../common/shared","name":"Column"}]}]}],"headerColumnGroup":[{"__symbolic":"property","decorators":[{"__symbolic":"call","expression":{"__symbolic":"reference","module":"@angular/core","name":"ContentChild"},"arguments":[{"__symbolic":"reference","module":"../common/shared","name":"HeaderColumnGroup"}]}]}],"footerColumnGroup":[{"__symbolic":"property","decorators":[{"__symbolic":"call","expression":{"__symbolic":"reference","module":"@angular/core","name":"ContentChild"},"arguments":[{"__symbolic":"reference","module":"../common/shared","name":"FooterColumnGroup"}]}]}],"__ctor__":[{"__symbolic":"constructor","parameters":[{"__symbolic":"reference","module":"@angular/core","name":"ElementRef"},{"__symbolic":"reference","module":"../dom/domhandler","name":"DomHandler"},{"__symbolic":"reference","module":"@angular/core","name":"IterableDiffers"},{"__symbolic":"reference","module":"@angular/core","name":"Renderer2"},{"__symbolic":"reference","module":"@angular/core","name":"ChangeDetectorRef"},{"__symbolic":"reference","module":"../utils/objectutils","name":"ObjectUtils"},{"__symbolic":"reference","module":"@angular/core","name":"NgZone"}]}],"ngOnInit":[{"__symbolic":"method"}],"ngAfterContentInit":[{"__symbolic":"method"}],"ngAfterViewChecked":[{"__symbolic":"method"}],"ngAfterViewInit":[{"__symbolic":"method"}],"value":[{"__symbolic":"property","decorators":[{"__symbolic":"call","expression":{"__symbolic":"reference","module":"@angular/core","name":"Input"}}]}],"first":[{"__symbolic":"property","decorators":[{"__symbolic":"call","expression":{"__symbolic":"reference","module":"@angular/core","name":"Input"}}]}],"totalRecords":[{"__symbolic":"property","decorators":[{"__symbolic":"call","expression":{"__symbolic":"reference","module":"@angular/core","name":"Input"}}]}],"selection":[{"__symbolic":"property","decorators":[{"__symbolic":"call","expression":{"__symbolic":"reference","module":"@angular/core","name":"Input"}}]}],"ngDoCheck":[{"__symbolic":"method"}],"handleDataChange":[{"__symbolic":"method"}],"initColumns":[{"__symbolic":"method"}],"resolveFieldData":[{"__symbolic":"method"}],"updateRowGroupMetadata":[{"__symbolic":"method"}],"updatePaginator":[{"__symbolic":"method"}],"updateTotalRecords":[{"__symbolic":"method"}],"onPageChange":[{"__symbolic":"method"}],"paginate":[{"__symbolic":"method"}],"updateDataToRender":[{"__symbolic":"method"}],"onVirtualScroll":[{"__symbolic":"method"}],"onHeaderKeydown":[{"__symbolic":"method"}],"onHeaderMousedown":[{"__symbolic":"method"}],"sort":[{"__symbolic":"method"}],"sortSingle":[{"__symbolic":"method"}],"sortMultiple":[{"__symbolic":"method"}],"multisortField":[{"__symbolic":"method"}],"addSortMeta":[{"__symbolic":"method"}],"isSorted":[{"__symbolic":"method"}],"getSortOrder":[{"__symbolic":"method"}],"onRowGroupClick":[{"__symbolic":"method"}],"clearSelectionRange":[{"__symbolic":"method"}],"selectRange":[{"__symbolic":"method"}],"handleRowClick":[{"__symbolic":"method"}],"handleRowTouchEnd":[{"__symbolic":"method"}],"selectRowWithRadio":[{"__symbolic":"method"}],"toggleRowWithCheckbox":[{"__symbolic":"method"}],"toggleRowsWithCheckbox":[{"__symbolic":"method"}],"onRowRightClick":[{"__symbolic":"method"}],"rowDblclick":[{"__symbolic":"method"}],"isSingleSelectionMode":[{"__symbolic":"method"}],"isMultipleSelectionMode":[{"__symbolic":"method"}],"findIndexInSelection":[{"__symbolic":"method"}],"isSelected":[{"__symbolic":"method"}],"equals":[{"__symbolic":"method"}],"onFilterKeyup":[{"__symbolic":"method"}],"filter":[{"__symbolic":"method"}],"isFilterBlank":[{"__symbolic":"method"}],"_filter":[{"__symbolic":"method"}],"hasFilter":[{"__symbolic":"method"}],"onFilterInputClick":[{"__symbolic":"method"}],"switchCellToEditMode":[{"__symbolic":"method"}],"switchCellToViewMode":[{"__symbolic":"method"}],"closeCell":[{"__symbolic":"method"}],"bindDocumentEditListener":[{"__symbolic":"method"}],"unbindDocumentEditListener":[{"__symbolic":"method"}],"onCellEditorKeydown":[{"__symbolic":"method"}],"moveToPreviousCell":[{"__symbolic":"method"}],"moveToNextCell":[{"__symbolic":"method"}],"findPreviousEditableColumn":[{"__symbolic":"method"}],"findNextEditableColumn":[{"__symbolic":"method"}],"onCustomEditorFocusPrev":[{"__symbolic":"method"}],"onCustomEditorFocusNext":[{"__symbolic":"method"}],"findCell":[{"__symbolic":"method"}],"initResizableColumns":[{"__symbolic":"method"}],"onDocumentMouseMove":[{"__symbolic":"method"}],"onDocumentMouseUp":[{"__symbolic":"method"}],"bindColumnResizeEvents":[{"__symbolic":"method"}],"unbindColumnResizeEvents":[{"__symbolic":"method"}],"initColumnResize":[{"__symbolic":"method"}],"onColumnResize":[{"__symbolic":"method"}],"onColumnResizeEnd":[{"__symbolic":"method"}],"fixColumnWidths":[{"__symbolic":"method"}],"onColumnDragStart":[{"__symbolic":"method"}],"onColumnDragover":[{"__symbolic":"method"}],"onColumnDragleave":[{"__symbolic":"method"}],"onColumnDrop":[{"__symbolic":"method"}],"initColumnReordering":[{"__symbolic":"method"}],"findParentHeader":[{"__symbolic":"method"}],"hasFooter":[{"__symbolic":"method"}],"isEmpty":[{"__symbolic":"method"}],"createLazyLoadMetadata":[{"__symbolic":"method"}],"toggleRow":[{"__symbolic":"method"}],"findExpandedRowIndex":[{"__symbolic":"method"}],"isRowExpanded":[{"__symbolic":"method"}],"findExpandedRowGroupIndex":[{"__symbolic":"method"}],"isRowGroupExpanded":[{"__symbolic":"method"}],"toggleRowGroup":[{"__symbolic":"method"}],"reset":[{"__symbolic":"method"}],"exportCSV":[{"__symbolic":"method"}],"getBlockableElement":[{"__symbolic":"method"}],"getRowStyleClass":[{"__symbolic":"method"}],"visibleColumns":[{"__symbolic":"method"}],"hasFrozenColumns":[{"__symbolic":"method"}],"ngOnDestroy":[{"__symbolic":"method"}]}},"DataTableModule":{"__symbolic":"class","decorators":[{"__symbolic":"call","expression":{"__symbolic":"reference","module":"@angular/core","name":"NgModule"},"arguments":[{"imports":[{"__symbolic":"reference","module":"@angular/common","name":"CommonModule"},{"__symbolic":"reference","module":"../common/shared","name":"SharedModule"},{"__symbolic":"reference","module":"../paginator/paginator","name":"PaginatorModule"},{"__symbolic":"reference","module":"@angular/forms","name":"FormsModule"}],"exports":[{"__symbolic":"reference","name":"DataTable"},{"__symbolic":"reference","module":"../common/shared","name":"SharedModule"}],"declarations":[{"__symbolic":"reference","name":"DataTable"},{"__symbolic":"reference","name":"DTRadioButton"},{"__symbolic":"reference","name":"DTCheckbox"},{"__symbolic":"reference","name":"ColumnHeaders"},{"__symbolic":"reference","name":"ColumnFooters"},{"__symbolic":"reference","name":"TableBody"},{"__symbolic":"reference","name":"ScrollableView"},{"__symbolic":"reference","name":"RowExpansionLoader"}]}]}]}}},{"__symbolic":"module","version":1,"metadata":{"DTRadioButton":{"__symbolic":"class","decorators":[{"__symbolic":"call","expression":{"__symbolic":"reference","module":"@angular/core","name":"Component"},"arguments":[{"selector":"p-dtRadioButton","template":"\n        <div class=\"ui-radiobutton ui-widget\">\n            <div class=\"ui-helper-hidden-accessible\">\n                <input type=\"radio\" [checked]=\"checked\">\n            </div>\n            <div class=\"ui-radiobutton-box ui-widget ui-radiobutton-relative ui-state-default\" (click)=\"handleClick($event)\"\n                        (mouseenter)=\"hover=true\" (mouseleave)=\"hover=false\"\n                        [ngClass]=\"{'ui-state-hover':hover,'ui-state-active':checked}\">\n                <span class=\"ui-radiobutton-icon ui-clickable\" [ngClass]=\"{'fa fa-circle':checked}\"></span>\n            </div>\n        </div>\n    "}]}],"members":{"checked":[{"__symbolic":"property","decorators":[{"__symbolic":"call","expression":{"__symbolic":"reference","module":"@angular/core","name":"Input"}}]}],"onClick":[{"__symbolic":"property","decorators":[{"__symbolic":"call","expression":{"__symbolic":"reference","module":"@angular/core","name":"Output"}}]}],"handleClick":[{"__symbolic":"method"}]}},"DTCheckbox":{"__symbolic":"class","decorators":[{"__symbolic":"call","expression":{"__symbolic":"reference","module":"@angular/core","name":"Component"},"arguments":[{"selector":"p-dtCheckbox","template":"\n        <div class=\"ui-chkbox ui-widget\">\n            <div class=\"ui-helper-hidden-accessible\">\n                <input type=\"checkbox\" [checked]=\"checked\">\n            </div>\n            <div class=\"ui-chkbox-box ui-widget ui-corner-all ui-state-default\" (click)=\"handleClick($event)\"\n                        (mouseover)=\"hover=true\" (mouseout)=\"hover=false\" \n                        [ngClass]=\"{'ui-state-hover':hover&&!disabled,'ui-state-active':checked&&!disabled,'ui-state-disabled':disabled}\">\n                <span class=\"ui-chkbox-icon ui-clickable\" [ngClass]=\"{'fa fa-check':checked}\"></span>\n            </div>\n        </div>\n    "}]}],"members":{"checked":[{"__symbolic":"property","decorators":[{"__symbolic":"call","expression":{"__symbolic":"reference","module":"@angular/core","name":"Input"}}]}],"disabled":[{"__symbolic":"property","decorators":[{"__symbolic":"call","expression":{"__symbolic":"reference","module":"@angular/core","name":"Input"}}]}],"onChange":[{"__symbolic":"property","decorators":[{"__symbolic":"call","expression":{"__symbolic":"reference","module":"@angular/core","name":"Output"}}]}],"handleClick":[{"__symbolic":"method"}]}},"RowExpansionLoader":{"__symbolic":"class","decorators":[{"__symbolic":"call","expression":{"__symbolic":"reference","module":"@angular/core","name":"Component"},"arguments":[{"selector":"p-rowExpansionLoader","template":""}]}],"members":{"template":[{"__symbolic":"property","decorators":[{"__symbolic":"call","expression":{"__symbolic":"reference","module":"@angular/core","name":"Input"}}]}],"rowData":[{"__symbolic":"property","decorators":[{"__symbolic":"call","expression":{"__symbolic":"reference","module":"@angular/core","name":"Input"}}]}],"rowIndex":[{"__symbolic":"property","decorators":[{"__symbolic":"call","expression":{"__symbolic":"reference","module":"@angular/core","name":"Input"}}]}],"__ctor__":[{"__symbolic":"constructor","parameters":[{"__symbolic":"reference","module":"@angular/core","name":"ViewContainerRef"}]}],"ngOnInit":[{"__symbolic":"method"}],"ngOnDestroy":[{"__symbolic":"method"}]}},"ColumnHeaders":{"__symbolic":"class","decorators":[{"__symbolic":"call","expression":{"__symbolic":"reference","module":"@angular/core","name":"Component"},"arguments":[{"selector":"[pColumnHeaders]","template":"\n        <ng-template ngFor let-col [ngForOf]=\"columns\" let-lastCol=\"last\">\n            <th #headerCell [attr.id]=\"col.colId\" [ngStyle]=\"col.style\" [class]=\"col.styleClass\" (click)=\"dt.sort($event,col)\" [attr.colspan]=\"col.colspan\" [attr.rowspan]=\"col.rowspan\"\n                [ngClass]=\"{'ui-state-default ui-unselectable-text':true, 'ui-sortable-column': col.sortable, 'ui-state-active': dt.isSorted(col), 'ui-resizable-column': dt.resizableColumns, 'ui-selection-column':col.selectionMode,\n                            'ui-helper-hidden': col.hidden}\" \n                (dragstart)=\"dt.onColumnDragStart($event)\" (dragleave)=\"dt.onColumnDragleave($event)\" (drop)=\"dt.onColumnDrop($event)\" (mousedown)=\"dt.onHeaderMousedown($event,headerCell)\"\n                [attr.tabindex]=\"col.sortable ? tabindex : null\" (keydown)=\"dt.onHeaderKeydown($event,col)\">\n                <span class=\"ui-column-resizer ui-clickable\" *ngIf=\"dt.resizableColumns && ((dt.columnResizeMode == 'fit' && !lastCol) || dt.columnResizeMode == 'expand')\" (mousedown)=\"dt.initColumnResize($event)\"></span>\n                <span class=\"ui-column-title\" *ngIf=\"!col.selectionMode&&!col.headerTemplate\">{{col.header}}</span>\n                <span class=\"ui-column-title\" *ngIf=\"col.headerTemplate\">\n                    <p-columnHeaderTemplateLoader [column]=\"col\"></p-columnHeaderTemplateLoader>\n                </span>\n                <span class=\"ui-sortable-column-icon fa fa-fw fa-sort\" *ngIf=\"col.sortable\"\n                     [ngClass]=\"{'fa-sort-desc': (dt.getSortOrder(col) == -1),'fa-sort-asc': (dt.getSortOrder(col) == 1)}\"></span>\n                <input [attr.type]=\"col.filterType\" class=\"ui-column-filter ui-inputtext ui-widget ui-state-default ui-corner-all\" [attr.maxlength]=\"col.filterMaxlength\" [attr.placeholder]=\"col.filterPlaceholder\" *ngIf=\"col.filter&&!col.filterTemplate\" [value]=\"dt.filters[col.filterField||col.field] ? dt.filters[col.filterField||col.field].value : ''\" \n                    (click)=\"dt.onFilterInputClick($event)\" (input)=\"dt.onFilterKeyup($event.target.value, col.filterField||col.field, col.filterMatchMode)\"/>\n                <p-columnFilterTemplateLoader [column]=\"col\" *ngIf=\"col.filterTemplate\"></p-columnFilterTemplateLoader>\n                <p-dtCheckbox *ngIf=\"col.selectionMode=='multiple'\" (onChange)=\"dt.toggleRowsWithCheckbox($event)\" [checked]=\"dt.allSelected\" [disabled]=\"dt.isEmpty()\"></p-dtCheckbox>\n            </th>\n        </ng-template>\n    "}]}],"members":{"__ctor__":[{"__symbolic":"constructor","parameterDecorators":[[{"__symbolic":"call","expression":{"__symbolic":"reference","module":"@angular/core","name":"Inject"},"arguments":[{"__symbolic":"reference","name":"DataTable"}]}]],"parameters":[{"__symbolic":"reference","name":"DataTable"}]}],"columns":[{"__symbolic":"property","decorators":[{"__symbolic":"call","expression":{"__symbolic":"reference","module":"@angular/core","name":"Input"},"arguments":["pColumnHeaders"]}]}]}},"ColumnFooters":{"__symbolic":"class","decorators":[{"__symbolic":"call","expression":{"__symbolic":"reference","module":"@angular/core","name":"Component"},"arguments":[{"selector":"[pColumnFooters]","template":"\n        <td *ngFor=\"let col of columns\" [ngStyle]=\"col.style\" [class]=\"col.styleClass\"\n            [attr.colspan]=\"col.colspan\" [attr.rowspan]=\"col.rowspan\"\n            [ngClass]=\"{'ui-state-default':true, 'ui-helper-hidden': col.hidden}\">\n            <span class=\"ui-column-footer\" *ngIf=\"!col.footerTemplate\">{{col.footer}}</span>\n            <span class=\"ui-column-footer\" *ngIf=\"col.footerTemplate\">\n                <p-columnFooterTemplateLoader [column]=\"col\"></p-columnFooterTemplateLoader>\n            </span>\n        </td>\n    "}]}],"members":{"__ctor__":[{"__symbolic":"constructor","parameterDecorators":[[{"__symbolic":"call","expression":{"__symbolic":"reference","module":"@angular/core","name":"Inject"},"arguments":[{"__symbolic":"reference","name":"DataTable"}]}]],"parameters":[{"__symbolic":"reference","name":"DataTable"}]}],"columns":[{"__symbolic":"property","decorators":[{"__symbolic":"call","expression":{"__symbolic":"reference","module":"@angular/core","name":"Input"},"arguments":["pColumnFooters"]}]}]}},"TableBody":{"__symbolic":"class","decorators":[{"__symbolic":"call","expression":{"__symbolic":"reference","module":"@angular/core","name":"Component"},"arguments":[{"selector":"[pTableBody]","template":"\n        <ng-template ngFor let-rowData [ngForOf]=\"data\" let-even=\"even\" let-odd=\"odd\" let-rowIndex=\"index\" [ngForTrackBy]=\"dt.rowTrackBy\">\n            <tr #rowGroupElement class=\"ui-widget-header ui-rowgroup-header\" \n                *ngIf=\"dt.rowGroupMode=='subheader' && (rowIndex === 0||(dt.resolveFieldData(rowData,dt.groupField) !== dt.resolveFieldData(dt.dataToRender[rowIndex - 1], dt.groupField)))\"\n                (click)=\"dt.onRowGroupClick($event)\" [ngStyle]=\"{'cursor': dt.sortableRowGroup ? 'pointer' : 'auto'}\">\n                <td [attr.colspan]=\"dt.visibleColumns().length\">\n                    <a href=\"#\" *ngIf=\"dt.expandableRowGroups\" (click)=\"dt.toggleRowGroup($event,rowData)\">\n                        <span class=\"fa fa-fw\" [ngClass]=\"dt.isRowGroupExpanded(rowData) ? dt.expandedIcon : dt.collapsedIcon\"></span>\n                    </a>\n                    <span class=\"ui-rowgroup-header-name\">\n                        <p-templateLoader [template]=\"dt.rowGroupHeaderTemplate\" [data]=\"rowData\"></p-templateLoader>\n                    </span>\n                </td>\n            </tr>\n            <tr #rowElement *ngIf=\"!dt.expandableRowGroups||dt.isRowGroupExpanded(rowData)\"\n                    (click)=\"dt.handleRowClick($event, rowData, rowIndex)\" (dblclick)=\"dt.rowDblclick($event,rowData)\" (contextmenu)=\"dt.onRowRightClick($event,rowData)\" (touchend)=\"dt.handleRowTouchEnd($event)\"\n                    [ngClass]=\"[even&&dt.rowGroupMode!='rowspan'? 'ui-datatable-even':'',\n                                odd&&dt.rowGroupMode!='rowspan'?'ui-datatable-odd':'',\n                                dt.isSelected(rowData)? 'ui-state-highlight': '', \n                                dt.getRowStyleClass(rowData,rowIndex)]\">\n                <ng-template ngFor let-col [ngForOf]=\"columns\" let-colIndex=\"index\">\n                    <td #cell *ngIf=\"!dt.rowGroupMode || (dt.rowGroupMode == 'subheader') ||\n                        (dt.rowGroupMode=='rowspan' && ((dt.sortField==col.field && dt.rowGroupMetadata[dt.resolveFieldData(rowData,dt.sortField)].index == rowIndex) || (dt.sortField!=col.field)))\"\n                        [ngStyle]=\"col.style\" [class]=\"col.styleClass\" (click)=\"dt.switchCellToEditMode(cell,col,rowData)\"\n                        [ngClass]=\"{'ui-editable-column':col.editable,'ui-selection-column':col.selectionMode, 'ui-helper-hidden': col.hidden}\"\n                        [attr.rowspan]=\"(dt.rowGroupMode=='rowspan' && dt.sortField == col.field && dt.rowGroupMetadata[dt.resolveFieldData(rowData,dt.sortField)].index == rowIndex) ? dt.rowGroupMetadata[dt.resolveFieldData(rowData,dt.sortField)].size : null\">\n                        <span class=\"ui-column-title\" *ngIf=\"dt.responsive\">{{col.header}}</span>\n                        <span class=\"ui-cell-data\" *ngIf=\"!col.bodyTemplate && !col.expander && !col.selectionMode\">{{dt.resolveFieldData(rowData,col.field)}}</span>\n                        <span class=\"ui-cell-data\" *ngIf=\"col.bodyTemplate\">\n                            <p-columnBodyTemplateLoader [column]=\"col\" [rowData]=\"rowData\" [rowIndex]=\"rowIndex + dt.first\"></p-columnBodyTemplateLoader>\n                        </span>\n                        <div class=\"ui-cell-editor\" *ngIf=\"col.editable\">\n                            <input *ngIf=\"!col.editorTemplate\" type=\"text\" [(ngModel)]=\"rowData[col.field]\" required=\"true\"\n                                (keydown)=\"dt.onCellEditorKeydown($event, col, rowData, rowIndex)\" class=\"ui-inputtext ui-widget ui-state-default ui-corner-all\"/>\n                            <a *ngIf=\"col.editorTemplate\" class=\"ui-cell-editor-proxy-focus\" href=\"#\" (focus)=\"dt.onCustomEditorFocusPrev($event, colIndex)\"></a>\n                            <p-columnEditorTemplateLoader *ngIf=\"col.editorTemplate\" [column]=\"col\" [rowData]=\"rowData\" [rowIndex]=\"rowIndex\"></p-columnEditorTemplateLoader>\n                            <a *ngIf=\"col.editorTemplate\" class=\"ui-cell-editor-proxy-focus\" href=\"#\" (focus)=\"dt.onCustomEditorFocusNext($event, colIndex)\"></a>\n                        </div>\n                        <a href=\"#\" *ngIf=\"col.expander\" (click)=\"dt.toggleRow(rowData,$event)\">\n                            <span class=\"ui-row-toggler fa fa-fw ui-clickable\" [ngClass]=\"dt.isRowExpanded(rowData) ? dt.expandedIcon : dt.collapsedIcon\"></span>\n                        </a>\n                        <p-dtRadioButton *ngIf=\"col.selectionMode=='single'\" (onClick)=\"dt.selectRowWithRadio($event, rowData)\" [checked]=\"dt.isSelected(rowData)\"></p-dtRadioButton>\n                        <p-dtCheckbox *ngIf=\"col.selectionMode=='multiple'\" (onChange)=\"dt.toggleRowWithCheckbox($event,rowData)\" [checked]=\"dt.isSelected(rowData)\"></p-dtCheckbox>\n                    </td>\n                </ng-template>\n            </tr>\n            <tr class=\"ui-widget-header\" *ngIf=\"dt.rowGroupFooterTemplate && dt.rowGroupMode=='subheader' && ((rowIndex === dt.dataToRender.length - 1)||(dt.resolveFieldData(rowData,dt.groupField) !== dt.resolveFieldData(dt.dataToRender[rowIndex + 1],dt.groupField))) && (!dt.expandableRowGroups || dt.isRowGroupExpanded(rowData))\">\n                <p-templateLoader class=\"ui-helper-hidden\" [data]=\"rowData\" [template]=\"dt.rowGroupFooterTemplate\"></p-templateLoader>\n            </tr>\n            <tr *ngIf=\"dt.expandableRows && dt.isRowExpanded(rowData)\">\n                <td [attr.colspan]=\"dt.visibleColumns().length\">\n                    <p-rowExpansionLoader [rowData]=\"rowData\" [rowIndex]=\"rowIndex\" [template]=\"dt.rowExpansionTemplate\"></p-rowExpansionLoader>\n                </td>\n            </tr>\n        </ng-template>\n\n        <tr *ngIf=\"dt.isEmpty()\" class=\"ui-widget-content ui-datatable-emptymessage-row\">\n            <td [attr.colspan]=\"dt.visibleColumns().length\" class=\"ui-datatable-emptymessage\">\n                <span *ngIf=\"!dt.emptyMessageTemplate\">{{dt.emptyMessage}}</span>\n                <p-templateLoader [template]=\"dt.emptyMessageTemplate\"></p-templateLoader>\n            </td>\n        </tr>\n    "}]}],"members":{"__ctor__":[{"__symbolic":"constructor","parameterDecorators":[[{"__symbolic":"call","expression":{"__symbolic":"reference","module":"@angular/core","name":"Inject"},"arguments":[{"__symbolic":"reference","name":"DataTable"}]}]],"parameters":[{"__symbolic":"reference","name":"DataTable"}]}],"columns":[{"__symbolic":"property","decorators":[{"__symbolic":"call","expression":{"__symbolic":"reference","module":"@angular/core","name":"Input"},"arguments":["pTableBody"]}]}],"data":[{"__symbolic":"property","decorators":[{"__symbolic":"call","expression":{"__symbolic":"reference","module":"@angular/core","name":"Input"}}]}],"visibleColumns":[{"__symbolic":"method"}]}},"ScrollableView":{"__symbolic":"class","decorators":[{"__symbolic":"call","expression":{"__symbolic":"reference","module":"@angular/core","name":"Component"},"arguments":[{"selector":"[pScrollableView]","template":"\n        <div #scrollHeader class=\"ui-widget-header ui-datatable-scrollable-header\" [ngStyle]=\"{'width': width}\">\n            <div #scrollHeaderBox  class=\"ui-datatable-scrollable-header-box\">\n                <table [ngClass]=\"dt.tableStyleClass\" [ngStyle]=\"dt.tableStyle\">\n                    <thead class=\"ui-datatable-thead\">\n                        <tr *ngIf=\"!dt.headerColumnGroup\" class=\"ui-state-default\" [pColumnHeaders]=\"columns\"></tr>\n                        <ng-template [ngIf]=\"dt.headerColumnGroup\">\n                            <tr *ngFor=\"let headerRow of dt.headerColumnGroup.rows\" class=\"ui-state-default\" [pColumnHeaders]=\"headerRow.columns\"></tr>\n                        </ng-template>\n                    </thead>\n                    <tbody *ngIf=\"dt.frozenValue\" [ngClass]=\"{'ui-datatable-data ui-widget-content': true, 'ui-datatable-hoverable-rows': (dt.rowHover||dt.selectionMode)}\" [pTableBody]=\"columns\" [data]=\"dt.frozenValue\"></tbody>\n                </table>\n            </div>\n        </div>\n        <div #scrollBody class=\"ui-datatable-scrollable-body\" [ngStyle]=\"{'width': width,'max-height':dt.scrollHeight}\">\n            <div #scrollTableWrapper class=\"ui-datatable-scrollable-table-wrapper\" style=\"position:relative\">\n                <table #scrollTable [class]=\"dt.tableStyleClass\" [ngStyle]=\"dt.tableStyle\" [ngClass]=\"{'ui-datatable-virtual-table':virtualScroll}\" style=\"top:0px\">\n                    <colgroup class=\"ui-datatable-scrollable-colgroup\">\n                        <col *ngFor=\"let col of columns\" [ngStyle]=\"col.style\" [ngClass]=\"{'ui-helper-hidden': col.hidden}\"/>\n                    </colgroup>\n                    <tbody [ngClass]=\"{'ui-datatable-data ui-widget-content': true, 'ui-datatable-hoverable-rows': (dt.rowHover||dt.selectionMode)}\" [pTableBody]=\"columns\" [data]=\"dt.dataToRender\"></tbody>\n                </table>\n            </div>\n        </div>\n        <div #scrollFooter class=\"ui-widget-header ui-datatable-scrollable-footer\" [ngStyle]=\"{'width': width}\" *ngIf=\"dt.hasFooter()\">\n            <div #scrollFooterBox  class=\"ui-datatable-scrollable-footer-box\">\n                <table [ngClass]=\"dt.tableStyleClass\" [ngStyle]=\"dt.tableStyle\">\n                    <tfoot class=\"ui-datatable-tfoot\">\n                        <tr *ngIf=\"!dt.footerColumnGroup\" [pColumnFooters]=\"columns\" class=\"ui-state-default\"></tr>\n                        <ng-template [ngIf]=\"dt.footerColumnGroup\">\n                            <tr *ngFor=\"let footerRow of dt.footerColumnGroup.rows\" class=\"ui-state-default\" [pColumnFooters]=\"footerRow.columns\"></tr>\n                        </ng-template>\n                    </tfoot>\n                </table>\n            </div>\n        </div>\n    "}]}],"members":{"__ctor__":[{"__symbolic":"constructor","parameterDecorators":[[{"__symbolic":"call","expression":{"__symbolic":"reference","module":"@angular/core","name":"Inject"},"arguments":[{"__symbolic":"reference","name":"DataTable"}]}],null,null,null,null],"parameters":[{"__symbolic":"reference","name":"DataTable"},{"__symbolic":"reference","module":"../dom/domhandler","name":"DomHandler"},{"__symbolic":"reference","module":"@angular/core","name":"ElementRef"},{"__symbolic":"reference","module":"@angular/core","name":"Renderer2"},{"__symbolic":"reference","module":"@angular/core","name":"NgZone"}]}],"columns":[{"__symbolic":"property","decorators":[{"__symbolic":"call","expression":{"__symbolic":"reference","module":"@angular/core","name":"Input"},"arguments":["pScrollableView"]}]}],"scrollHeaderViewChild":[{"__symbolic":"property","decorators":[{"__symbolic":"call","expression":{"__symbolic":"reference","module":"@angular/core","name":"ViewChild"},"arguments":["scrollHeader"]}]}],"scrollHeaderBoxViewChild":[{"__symbolic":"property","decorators":[{"__symbolic":"call","expression":{"__symbolic":"reference","module":"@angular/core","name":"ViewChild"},"arguments":["scrollHeaderBox"]}]}],"scrollBodyViewChild":[{"__symbolic":"property","decorators":[{"__symbolic":"call","expression":{"__symbolic":"reference","module":"@angular/core","name":"ViewChild"},"arguments":["scrollBody"]}]}],"scrollTableViewChild":[{"__symbolic":"property","decorators":[{"__symbolic":"call","expression":{"__symbolic":"reference","module":"@angular/core","name":"ViewChild"},"arguments":["scrollTable"]}]}],"scrollTableWrapperViewChild":[{"__symbolic":"property","decorators":[{"__symbolic":"call","expression":{"__symbolic":"reference","module":"@angular/core","name":"ViewChild"},"arguments":["scrollTableWrapper"]}]}],"scrollFooterViewChild":[{"__symbolic":"property","decorators":[{"__symbolic":"call","expression":{"__symbolic":"reference","module":"@angular/core","name":"ViewChild"},"arguments":["scrollFooter"]}]}],"scrollFooterBoxViewChild":[{"__symbolic":"property","decorators":[{"__symbolic":"call","expression":{"__symbolic":"reference","module":"@angular/core","name":"ViewChild"},"arguments":["scrollFooterBox"]}]}],"frozen":[{"__symbolic":"property","decorators":[{"__symbolic":"call","expression":{"__symbolic":"reference","module":"@angular/core","name":"Input"}}]}],"width":[{"__symbolic":"property","decorators":[{"__symbolic":"call","expression":{"__symbolic":"reference","module":"@angular/core","name":"Input"}}]}],"virtualScroll":[{"__symbolic":"property","decorators":[{"__symbolic":"call","expression":{"__symbolic":"reference","module":"@angular/core","name":"Input"}}]}],"onVirtualScroll":[{"__symbolic":"property","decorators":[{"__symbolic":"call","expression":{"__symbolic":"reference","module":"@angular/core","name":"Output"}}]}],"ngAfterViewInit":[{"__symbolic":"method"}],"ngAfterViewChecked":[{"__symbolic":"method"}],"initScrolling":[{"__symbolic":"method"}],"onBodyScroll":[{"__symbolic":"method"}],"onHeaderScroll":[{"__symbolic":"method"}],"hasVerticalOverflow":[{"__symbolic":"method"}],"alignScrollBar":[{"__symbolic":"method"}],"ngOnDestroy":[{"__symbolic":"method"}]}},"DataTable":{"__symbolic":"class","decorators":[{"__symbolic":"call","expression":{"__symbolic":"reference","module":"@angular/core","name":"Component"},"arguments":[{"selector":"p-dataTable","template":"\n        <div [ngStyle]=\"style\" [class]=\"styleClass\" [style.width]=\"containerWidth\"\n            [ngClass]=\"{'ui-datatable ui-widget':true,'ui-datatable-reflow':responsive,'ui-datatable-stacked':stacked,'ui-datatable-resizable':resizableColumns,'ui-datatable-scrollable':scrollable}\">\n            <div class=\"ui-datatable-loading ui-widget-overlay\" *ngIf=\"loading\"></div>\n            <div class=\"ui-datatable-loading-content\" *ngIf=\"loading\">\n                <i [class]=\"'fa fa-spin fa-2x ' + loadingIcon\"></i>\n            </div>\n            <div class=\"ui-datatable-header ui-widget-header\" *ngIf=\"header\">\n                <ng-content select=\"p-header\"></ng-content>\n            </div>\n            <p-paginator [rows]=\"rows\" [first]=\"first\" [totalRecords]=\"totalRecords\" [pageLinkSize]=\"pageLinks\" styleClass=\"ui-paginator-top\" [alwaysShow]=\"alwaysShowPaginator\"\n                (onPageChange)=\"onPageChange($event)\" [rowsPerPageOptions]=\"rowsPerPageOptions\" *ngIf=\"paginator && paginatorPosition =='top' || paginatorPosition =='both'\"></p-paginator>\n            <div class=\"ui-datatable-tablewrapper\" *ngIf=\"!scrollable\">\n                <table [ngClass]=\"tableStyleClass\" [ngStyle]=\"tableStyle\">\n                    <thead class=\"ui-datatable-thead\">\n                        <tr *ngIf=\"!headerColumnGroup\" class=\"ui-state-default\" [pColumnHeaders]=\"columns\"></tr>\n                        <ng-template [ngIf]=\"headerColumnGroup\">\n                            <tr *ngFor=\"let headerRow of headerColumnGroup.rows\" class=\"ui-state-default\" [pColumnHeaders]=\"headerRow.columns\"></tr>\n                        </ng-template>\n                    </thead>\n                    <tfoot *ngIf=\"hasFooter()\" class=\"ui-datatable-tfoot\">\n                        <tr *ngIf=\"!footerColumnGroup\" class=\"ui-state-default\" [pColumnFooters]=\"columns\"></tr>\n                        <ng-template [ngIf]=\"footerColumnGroup\">\n                            <tr *ngFor=\"let footerRow of footerColumnGroup.rows\" class=\"ui-state-default\" [pColumnFooters]=\"footerRow.columns\"></tr>\n                        </ng-template>\n                    </tfoot>\n                    <tbody [ngClass]=\"{'ui-datatable-data ui-widget-content': true, 'ui-datatable-hoverable-rows': (rowHover||selectionMode)}\" [pTableBody]=\"columns\" [data]=\"dataToRender\"></tbody>\n                </table>\n            </div>\n            \n            <ng-template [ngIf]=\"scrollable\">\n                <div class=\"ui-datatable-scrollable-wrapper ui-helper-clearfix\" [ngClass]=\"{'max-height':scrollHeight}\">\n                    <div *ngIf=\"hasFrozenColumns()\" [pScrollableView]=\"frozenColumns\" frozen=\"true\" \n                        [ngStyle]=\"{'width':this.frozenWidth}\" class=\"ui-datatable-scrollable-view ui-datatable-frozen-view\"></div>\n                    <div [pScrollableView]=\"scrollableColumns\" [ngStyle]=\"{'width':this.unfrozenWidth, 'left': this.frozenWidth}\"\n                        class=\"ui-datatable-scrollable-view\" [virtualScroll]=\"virtualScroll\" (onVirtualScroll)=\"onVirtualScroll($event)\"\n                        [ngClass]=\"{'ui-datatable-unfrozen-view': hasFrozenColumns()}\"></div>\n                </div>\n            </ng-template>\n            \n            <p-paginator [rows]=\"rows\" [first]=\"first\" [totalRecords]=\"totalRecords\" [pageLinkSize]=\"pageLinks\" styleClass=\"ui-paginator-bottom\" [alwaysShow]=\"alwaysShowPaginator\"\n                (onPageChange)=\"onPageChange($event)\" [rowsPerPageOptions]=\"rowsPerPageOptions\" *ngIf=\"paginator && paginatorPosition =='bottom' || paginatorPosition =='both'\"></p-paginator>\n            <div class=\"ui-datatable-footer ui-widget-header\" *ngIf=\"footer\">\n                <ng-content select=\"p-footer\"></ng-content>\n            </div>\n            \n            <div class=\"ui-column-resizer-helper ui-state-highlight\" style=\"display:none\"></div>\n            <span class=\"fa fa-arrow-down ui-datatable-reorder-indicator-up\" style=\"position: absolute; display: none;\"></span>\n            <span class=\"fa fa-arrow-up ui-datatable-reorder-indicator-down\" style=\"position: absolute; display: none;\"></span>\n        </div>\n    ","providers":[{"__symbolic":"reference","module":"../dom/domhandler","name":"DomHandler"},{"__symbolic":"reference","module":"../utils/objectutils","name":"ObjectUtils"}]}]}],"members":{"paginator":[{"__symbolic":"property","decorators":[{"__symbolic":"call","expression":{"__symbolic":"reference","module":"@angular/core","name":"Input"}}]}],"rows":[{"__symbolic":"property","decorators":[{"__symbolic":"call","expression":{"__symbolic":"reference","module":"@angular/core","name":"Input"}}]}],"pageLinks":[{"__symbolic":"property","decorators":[{"__symbolic":"call","expression":{"__symbolic":"reference","module":"@angular/core","name":"Input"}}]}],"rowsPerPageOptions":[{"__symbolic":"property","decorators":[{"__symbolic":"call","expression":{"__symbolic":"reference","module":"@angular/core","name":"Input"}}]}],"responsive":[{"__symbolic":"property","decorators":[{"__symbolic":"call","expression":{"__symbolic":"reference","module":"@angular/core","name":"Input"}}]}],"stacked":[{"__symbolic":"property","decorators":[{"__symbolic":"call","expression":{"__symbolic":"reference","module":"@angular/core","name":"Input"}}]}],"selectionMode":[{"__symbolic":"property","decorators":[{"__symbolic":"call","expression":{"__symbolic":"reference","module":"@angular/core","name":"Input"}}]}],"selectionChange":[{"__symbolic":"property","decorators":[{"__symbolic":"call","expression":{"__symbolic":"reference","module":"@angular/core","name":"Output"}}]}],"editable":[{"__symbolic":"property","decorators":[{"__symbolic":"call","expression":{"__symbolic":"reference","module":"@angular/core","name":"Input"}}]}],"onRowClick":[{"__symbolic":"property","decorators":[{"__symbolic":"call","expression":{"__symbolic":"reference","module":"@angular/core","name":"Output"}}]}],"onRowSelect":[{"__symbolic":"property","decorators":[{"__symbolic":"call","expression":{"__symbolic":"reference","module":"@angular/core","name":"Output"}}]}],"onRowUnselect":[{"__symbolic":"property","decorators":[{"__symbolic":"call","expression":{"__symbolic":"reference","module":"@angular/core","name":"Output"}}]}],"onRowDblclick":[{"__symbolic":"property","decorators":[{"__symbolic":"call","expression":{"__symbolic":"reference","module":"@angular/core","name":"Output"}}]}],"onHeaderCheckboxToggle":[{"__symbolic":"property","decorators":[{"__symbolic":"call","expression":{"__symbolic":"reference","module":"@angular/core","name":"Output"}}]}],"headerCheckboxToggleAllPages":[{"__symbolic":"property","decorators":[{"__symbolic":"call","expression":{"__symbolic":"reference","module":"@angular/core","name":"Input"}}]}],"onContextMenuSelect":[{"__symbolic":"property","decorators":[{"__symbolic":"call","expression":{"__symbolic":"reference","module":"@angular/core","name":"Output"}}]}],"filterDelay":[{"__symbolic":"property","decorators":[{"__symbolic":"call","expression":{"__symbolic":"reference","module":"@angular/core","name":"Input"}}]}],"lazy":[{"__symbolic":"property","decorators":[{"__symbolic":"call","expression":{"__symbolic":"reference","module":"@angular/core","name":"Input"}}]}],"onLazyLoad":[{"__symbolic":"property","decorators":[{"__symbolic":"call","expression":{"__symbolic":"reference","module":"@angular/core","name":"Output"}}]}],"resizableColumns":[{"__symbolic":"property","decorators":[{"__symbolic":"call","expression":{"__symbolic":"reference","module":"@angular/core","name":"Input"}}]}],"columnResizeMode":[{"__symbolic":"property","decorators":[{"__symbolic":"call","expression":{"__symbolic":"reference","module":"@angular/core","name":"Input"}}]}],"onColResize":[{"__symbolic":"property","decorators":[{"__symbolic":"call","expression":{"__symbolic":"reference","module":"@angular/core","name":"Output"}}]}],"reorderableColumns":[{"__symbolic":"property","decorators":[{"__symbolic":"call","expression":{"__symbolic":"reference","module":"@angular/core","name":"Input"}}]}],"onColReorder":[{"__symbolic":"property","decorators":[{"__symbolic":"call","expression":{"__symbolic":"reference","module":"@angular/core","name":"Output"}}]}],"scrollable":[{"__symbolic":"property","decorators":[{"__symbolic":"call","expression":{"__symbolic":"reference","module":"@angular/core","name":"Input"}}]}],"virtualScroll":[{"__symbolic":"property","decorators":[{"__symbolic":"call","expression":{"__symbolic":"reference","module":"@angular/core","name":"Input"}}]}],"scrollHeight":[{"__symbolic":"property","decorators":[{"__symbolic":"call","expression":{"__symbolic":"reference","module":"@angular/core","name":"Input"}}]}],"scrollWidth":[{"__symbolic":"property","decorators":[{"__symbolic":"call","expression":{"__symbolic":"reference","module":"@angular/core","name":"Input"}}]}],"frozenWidth":[{"__symbolic":"property","decorators":[{"__symbolic":"call","expression":{"__symbolic":"reference","module":"@angular/core","name":"Input"}}]}],"unfrozenWidth":[{"__symbolic":"property","decorators":[{"__symbolic":"call","expression":{"__symbolic":"reference","module":"@angular/core","name":"Input"}}]}],"style":[{"__symbolic":"property","decorators":[{"__symbolic":"call","expression":{"__symbolic":"reference","module":"@angular/core","name":"Input"}}]}],"styleClass":[{"__symbolic":"property","decorators":[{"__symbolic":"call","expression":{"__symbolic":"reference","module":"@angular/core","name":"Input"}}]}],"tableStyle":[{"__symbolic":"property","decorators":[{"__symbolic":"call","expression":{"__symbolic":"reference","module":"@angular/core","name":"Input"}}]}],"tableStyleClass":[{"__symbolic":"property","decorators":[{"__symbolic":"call","expression":{"__symbolic":"reference","module":"@angular/core","name":"Input"}}]}],"globalFilter":[{"__symbolic":"property","decorators":[{"__symbolic":"call","expression":{"__symbolic":"reference","module":"@angular/core","name":"Input"}}]}],"sortMode":[{"__symbolic":"property","decorators":[{"__symbolic":"call","expression":{"__symbolic":"reference","module":"@angular/core","name":"Input"}}]}],"sortField":[{"__symbolic":"property","decorators":[{"__symbolic":"call","expression":{"__symbolic":"reference","module":"@angular/core","name":"Input"}}]}],"sortOrder":[{"__symbolic":"property","decorators":[{"__symbolic":"call","expression":{"__symbolic":"reference","module":"@angular/core","name":"Input"}}]}],"defaultSortOrder":[{"__symbolic":"property","decorators":[{"__symbolic":"call","expression":{"__symbolic":"reference","module":"@angular/core","name":"Input"}}]}],"groupField":[{"__symbolic":"property","decorators":[{"__symbolic":"call","expression":{"__symbolic":"reference","module":"@angular/core","name":"Input"}}]}],"multiSortMeta":[{"__symbolic":"property","decorators":[{"__symbolic":"call","expression":{"__symbolic":"reference","module":"@angular/core","name":"Input"}}]}],"contextMenu":[{"__symbolic":"property","decorators":[{"__symbolic":"call","expression":{"__symbolic":"reference","module":"@angular/core","name":"Input"}}]}],"csvSeparator":[{"__symbolic":"property","decorators":[{"__symbolic":"call","expression":{"__symbolic":"reference","module":"@angular/core","name":"Input"}}]}],"exportFilename":[{"__symbolic":"property","decorators":[{"__symbolic":"call","expression":{"__symbolic":"reference","module":"@angular/core","name":"Input"}}]}],"emptyMessage":[{"__symbolic":"property","decorators":[{"__symbolic":"call","expression":{"__symbolic":"reference","module":"@angular/core","name":"Input"}}]}],"paginatorPosition":[{"__symbolic":"property","decorators":[{"__symbolic":"call","expression":{"__symbolic":"reference","module":"@angular/core","name":"Input"}}]}],"alwaysShowPaginator":[{"__symbolic":"property","decorators":[{"__symbolic":"call","expression":{"__symbolic":"reference","module":"@angular/core","name":"Input"}}]}],"metaKeySelection":[{"__symbolic":"property","decorators":[{"__symbolic":"call","expression":{"__symbolic":"reference","module":"@angular/core","name":"Input"}}]}],"rowTrackBy":[{"__symbolic":"property","decorators":[{"__symbolic":"call","expression":{"__symbolic":"reference","module":"@angular/core","name":"Input"}}]}],"immutable":[{"__symbolic":"property","decorators":[{"__symbolic":"call","expression":{"__symbolic":"reference","module":"@angular/core","name":"Input"}}]}],"frozenValue":[{"__symbolic":"property","decorators":[{"__symbolic":"call","expression":{"__symbolic":"reference","module":"@angular/core","name":"Input"}}]}],"compareSelectionBy":[{"__symbolic":"property","decorators":[{"__symbolic":"call","expression":{"__symbolic":"reference","module":"@angular/core","name":"Input"}}]}],"onEditInit":[{"__symbolic":"property","decorators":[{"__symbolic":"call","expression":{"__symbolic":"reference","module":"@angular/core","name":"Output"}}]}],"onEditComplete":[{"__symbolic":"property","decorators":[{"__symbolic":"call","expression":{"__symbolic":"reference","module":"@angular/core","name":"Output"}}]}],"onEdit":[{"__symbolic":"property","decorators":[{"__symbolic":"call","expression":{"__symbolic":"reference","module":"@angular/core","name":"Output"}}]}],"onEditCancel":[{"__symbolic":"property","decorators":[{"__symbolic":"call","expression":{"__symbolic":"reference","module":"@angular/core","name":"Output"}}]}],"onPage":[{"__symbolic":"property","decorators":[{"__symbolic":"call","expression":{"__symbolic":"reference","module":"@angular/core","name":"Output"}}]}],"onSort":[{"__symbolic":"property","decorators":[{"__symbolic":"call","expression":{"__symbolic":"reference","module":"@angular/core","name":"Output"}}]}],"onFilter":[{"__symbolic":"property","decorators":[{"__symbolic":"call","expression":{"__symbolic":"reference","module":"@angular/core","name":"Output"}}]}],"header":[{"__symbolic":"property","decorators":[{"__symbolic":"call","expression":{"__symbolic":"reference","module":"@angular/core","name":"ContentChild"},"arguments":[{"__symbolic":"reference","module":"../common/shared","name":"Header"}]}]}],"footer":[{"__symbolic":"property","decorators":[{"__symbolic":"call","expression":{"__symbolic":"reference","module":"@angular/core","name":"ContentChild"},"arguments":[{"__symbolic":"reference","module":"../common/shared","name":"Footer"}]}]}],"expandableRows":[{"__symbolic":"property","decorators":[{"__symbolic":"call","expression":{"__symbolic":"reference","module":"@angular/core","name":"Input"}}]}],"expandedRows":[{"__symbolic":"property","decorators":[{"__symbolic":"call","expression":{"__symbolic":"reference","module":"@angular/core","name":"Input"}}]}],"expandableRowGroups":[{"__symbolic":"property","decorators":[{"__symbolic":"call","expression":{"__symbolic":"reference","module":"@angular/core","name":"Input"}}]}],"rowExpandMode":[{"__symbolic":"property","decorators":[{"__symbolic":"call","expression":{"__symbolic":"reference","module":"@angular/core","name":"Input"}}]}],"expandedRowsGroups":[{"__symbolic":"property","decorators":[{"__symbolic":"call","expression":{"__symbolic":"reference","module":"@angular/core","name":"Input"}}]}],"expandedIcon":[{"__symbolic":"property","decorators":[{"__symbolic":"call","expression":{"__symbolic":"reference","module":"@angular/core","name":"Input"}}]}],"collapsedIcon":[{"__symbolic":"property","decorators":[{"__symbolic":"call","expression":{"__symbolic":"reference","module":"@angular/core","name":"Input"}}]}],"tabindex":[{"__symbolic":"property","decorators":[{"__symbolic":"call","expression":{"__symbolic":"reference","module":"@angular/core","name":"Input"}}]}],"rowStyleClass":[{"__symbolic":"property","decorators":[{"__symbolic":"call","expression":{"__symbolic":"reference","module":"@angular/core","name":"Input"}}]}],"rowStyleMap":[{"__symbolic":"property","decorators":[{"__symbolic":"call","expression":{"__symbolic":"reference","module":"@angular/core","name":"Input"}}]}],"rowGroupMode":[{"__symbolic":"property","decorators":[{"__symbolic":"call","expression":{"__symbolic":"reference","module":"@angular/core","name":"Input"}}]}],"sortableRowGroup":[{"__symbolic":"property","decorators":[{"__symbolic":"call","expression":{"__symbolic":"reference","module":"@angular/core","name":"Input"}}]}],"sortFile":[{"__symbolic":"property","decorators":[{"__symbolic":"call","expression":{"__symbolic":"reference","module":"@angular/core","name":"Input"}}]}],"rowHover":[{"__symbolic":"property","decorators":[{"__symbolic":"call","expression":{"__symbolic":"reference","module":"@angular/core","name":"Input"}}]}],"filters":[{"__symbolic":"property","decorators":[{"__symbolic":"call","expression":{"__symbolic":"reference","module":"@angular/core","name":"Input"}}]}],"dataKey":[{"__symbolic":"property","decorators":[{"__symbolic":"call","expression":{"__symbolic":"reference","module":"@angular/core","name":"Input"}}]}],"loading":[{"__symbolic":"property","decorators":[{"__symbolic":"call","expression":{"__symbolic":"reference","module":"@angular/core","name":"Input"}}]}],"loadingIcon":[{"__symbolic":"property","decorators":[{"__symbolic":"call","expression":{"__symbolic":"reference","module":"@angular/core","name":"Input"}}]}],"virtualScrollDelay":[{"__symbolic":"property","decorators":[{"__symbolic":"call","expression":{"__symbolic":"reference","module":"@angular/core","name":"Input"}}]}],"valueChange":[{"__symbolic":"property","decorators":[{"__symbolic":"call","expression":{"__symbolic":"reference","module":"@angular/core","name":"Output"}}]}],"firstChange":[{"__symbolic":"property","decorators":[{"__symbolic":"call","expression":{"__symbolic":"reference","module":"@angular/core","name":"Output"}}]}],"onRowExpand":[{"__symbolic":"property","decorators":[{"__symbolic":"call","expression":{"__symbolic":"reference","module":"@angular/core","name":"Output"}}]}],"onRowCollapse":[{"__symbolic":"property","decorators":[{"__symbolic":"call","expression":{"__symbolic":"reference","module":"@angular/core","name":"Output"}}]}],"onRowGroupExpand":[{"__symbolic":"property","decorators":[{"__symbolic":"call","expression":{"__symbolic":"reference","module":"@angular/core","name":"Output"}}]}],"onRowGroupCollapse":[{"__symbolic":"property","decorators":[{"__symbolic":"call","expression":{"__symbolic":"reference","module":"@angular/core","name":"Output"}}]}],"templates":[{"__symbolic":"property","decorators":[{"__symbolic":"call","expression":{"__symbolic":"reference","module":"@angular/core","name":"ContentChildren"},"arguments":[{"__symbolic":"reference","module":"../common/shared","name":"PrimeTemplate"}]}]}],"cols":[{"__symbolic":"property","decorators":[{"__symbolic":"call","expression":{"__symbolic":"reference","module":"@angular/core","name":"ContentChildren"},"arguments":[{"__symbolic":"reference","module":"../common/shared","name":"Column"}]}]}],"headerColumnGroup":[{"__symbolic":"property","decorators":[{"__symbolic":"call","expression":{"__symbolic":"reference","module":"@angular/core","name":"ContentChild"},"arguments":[{"__symbolic":"reference","module":"../common/shared","name":"HeaderColumnGroup"}]}]}],"footerColumnGroup":[{"__symbolic":"property","decorators":[{"__symbolic":"call","expression":{"__symbolic":"reference","module":"@angular/core","name":"ContentChild"},"arguments":[{"__symbolic":"reference","module":"../common/shared","name":"FooterColumnGroup"}]}]}],"__ctor__":[{"__symbolic":"constructor","parameters":[{"__symbolic":"reference","module":"@angular/core","name":"ElementRef"},{"__symbolic":"reference","module":"../dom/domhandler","name":"DomHandler"},{"__symbolic":"reference","module":"@angular/core","name":"IterableDiffers"},{"__symbolic":"reference","module":"@angular/core","name":"Renderer2"},{"__symbolic":"reference","module":"@angular/core","name":"ChangeDetectorRef"},{"__symbolic":"reference","module":"../utils/objectutils","name":"ObjectUtils"},{"__symbolic":"reference","module":"@angular/core","name":"NgZone"}]}],"ngOnInit":[{"__symbolic":"method"}],"ngAfterContentInit":[{"__symbolic":"method"}],"ngAfterViewChecked":[{"__symbolic":"method"}],"ngAfterViewInit":[{"__symbolic":"method"}],"value":[{"__symbolic":"property","decorators":[{"__symbolic":"call","expression":{"__symbolic":"reference","module":"@angular/core","name":"Input"}}]}],"first":[{"__symbolic":"property","decorators":[{"__symbolic":"call","expression":{"__symbolic":"reference","module":"@angular/core","name":"Input"}}]}],"totalRecords":[{"__symbolic":"property","decorators":[{"__symbolic":"call","expression":{"__symbolic":"reference","module":"@angular/core","name":"Input"}}]}],"selection":[{"__symbolic":"property","decorators":[{"__symbolic":"call","expression":{"__symbolic":"reference","module":"@angular/core","name":"Input"}}]}],"ngDoCheck":[{"__symbolic":"method"}],"handleDataChange":[{"__symbolic":"method"}],"initColumns":[{"__symbolic":"method"}],"resolveFieldData":[{"__symbolic":"method"}],"updateRowGroupMetadata":[{"__symbolic":"method"}],"updatePaginator":[{"__symbolic":"method"}],"updateTotalRecords":[{"__symbolic":"method"}],"onPageChange":[{"__symbolic":"method"}],"paginate":[{"__symbolic":"method"}],"updateDataToRender":[{"__symbolic":"method"}],"onVirtualScroll":[{"__symbolic":"method"}],"onHeaderKeydown":[{"__symbolic":"method"}],"onHeaderMousedown":[{"__symbolic":"method"}],"sort":[{"__symbolic":"method"}],"sortSingle":[{"__symbolic":"method"}],"sortMultiple":[{"__symbolic":"method"}],"multisortField":[{"__symbolic":"method"}],"addSortMeta":[{"__symbolic":"method"}],"isSorted":[{"__symbolic":"method"}],"getSortOrder":[{"__symbolic":"method"}],"onRowGroupClick":[{"__symbolic":"method"}],"clearSelectionRange":[{"__symbolic":"method"}],"selectRange":[{"__symbolic":"method"}],"handleRowClick":[{"__symbolic":"method"}],"handleRowTouchEnd":[{"__symbolic":"method"}],"selectRowWithRadio":[{"__symbolic":"method"}],"toggleRowWithCheckbox":[{"__symbolic":"method"}],"toggleRowsWithCheckbox":[{"__symbolic":"method"}],"onRowRightClick":[{"__symbolic":"method"}],"rowDblclick":[{"__symbolic":"method"}],"isSingleSelectionMode":[{"__symbolic":"method"}],"isMultipleSelectionMode":[{"__symbolic":"method"}],"findIndexInSelection":[{"__symbolic":"method"}],"isSelected":[{"__symbolic":"method"}],"equals":[{"__symbolic":"method"}],"onFilterKeyup":[{"__symbolic":"method"}],"filter":[{"__symbolic":"method"}],"isFilterBlank":[{"__symbolic":"method"}],"_filter":[{"__symbolic":"method"}],"hasFilter":[{"__symbolic":"method"}],"onFilterInputClick":[{"__symbolic":"method"}],"switchCellToEditMode":[{"__symbolic":"method"}],"switchCellToViewMode":[{"__symbolic":"method"}],"closeCell":[{"__symbolic":"method"}],"bindDocumentEditListener":[{"__symbolic":"method"}],"unbindDocumentEditListener":[{"__symbolic":"method"}],"onCellEditorKeydown":[{"__symbolic":"method"}],"moveToPreviousCell":[{"__symbolic":"method"}],"moveToNextCell":[{"__symbolic":"method"}],"findPreviousEditableColumn":[{"__symbolic":"method"}],"findNextEditableColumn":[{"__symbolic":"method"}],"onCustomEditorFocusPrev":[{"__symbolic":"method"}],"onCustomEditorFocusNext":[{"__symbolic":"method"}],"findCell":[{"__symbolic":"method"}],"initResizableColumns":[{"__symbolic":"method"}],"onDocumentMouseMove":[{"__symbolic":"method"}],"onDocumentMouseUp":[{"__symbolic":"method"}],"bindColumnResizeEvents":[{"__symbolic":"method"}],"unbindColumnResizeEvents":[{"__symbolic":"method"}],"initColumnResize":[{"__symbolic":"method"}],"onColumnResize":[{"__symbolic":"method"}],"onColumnResizeEnd":[{"__symbolic":"method"}],"fixColumnWidths":[{"__symbolic":"method"}],"onColumnDragStart":[{"__symbolic":"method"}],"onColumnDragover":[{"__symbolic":"method"}],"onColumnDragleave":[{"__symbolic":"method"}],"onColumnDrop":[{"__symbolic":"method"}],"initColumnReordering":[{"__symbolic":"method"}],"findParentHeader":[{"__symbolic":"method"}],"hasFooter":[{"__symbolic":"method"}],"isEmpty":[{"__symbolic":"method"}],"createLazyLoadMetadata":[{"__symbolic":"method"}],"toggleRow":[{"__symbolic":"method"}],"findExpandedRowIndex":[{"__symbolic":"method"}],"isRowExpanded":[{"__symbolic":"method"}],"findExpandedRowGroupIndex":[{"__symbolic":"method"}],"isRowGroupExpanded":[{"__symbolic":"method"}],"toggleRowGroup":[{"__symbolic":"method"}],"reset":[{"__symbolic":"method"}],"exportCSV":[{"__symbolic":"method"}],"getBlockableElement":[{"__symbolic":"method"}],"getRowStyleClass":[{"__symbolic":"method"}],"visibleColumns":[{"__symbolic":"method"}],"hasFrozenColumns":[{"__symbolic":"method"}],"ngOnDestroy":[{"__symbolic":"method"}]}},"DataTableModule":{"__symbolic":"class","decorators":[{"__symbolic":"call","expression":{"__symbolic":"reference","module":"@angular/core","name":"NgModule"},"arguments":[{"imports":[{"__symbolic":"reference","module":"@angular/common","name":"CommonModule"},{"__symbolic":"reference","module":"../common/shared","name":"SharedModule"},{"__symbolic":"reference","module":"../paginator/paginator","name":"PaginatorModule"},{"__symbolic":"reference","module":"@angular/forms","name":"FormsModule"}],"exports":[{"__symbolic":"reference","name":"DataTable"},{"__symbolic":"reference","module":"../common/shared","name":"SharedModule"}],"declarations":[{"__symbolic":"reference","name":"DataTable"},{"__symbolic":"reference","name":"DTRadioButton"},{"__symbolic":"reference","name":"DTCheckbox"},{"__symbolic":"reference","name":"ColumnHeaders"},{"__symbolic":"reference","name":"ColumnFooters"},{"__symbolic":"reference","name":"TableBody"},{"__symbolic":"reference","name":"ScrollableView"},{"__symbolic":"reference","name":"RowExpansionLoader"}]}]}]}}}]