[{"__symbolic":"module","version":3,"metadata":{"SELECTBUTTON_VALUE_ACCESSOR":{"provide":{"__symbolic":"reference","module":"@angular/forms","name":"NG_VALUE_ACCESSOR"},"useExisting":{"__symbolic":"reference","name":"SelectButton"},"multi":true},"SelectButton":{"__symbolic":"class","decorators":[{"__symbolic":"call","expression":{"__symbolic":"reference","module":"@angular/core","name":"Component"},"arguments":[{"selector":"p-selectButton","template":"\n        <div [ngClass]=\"'ui-selectbutton ui-buttonset ui-widget ui-corner-all ui-buttonset-' + options.length\" [ngStyle]=\"style\" [class]=\"styleClass\">\n            <div *ngFor=\"let option of options; let i = index\" class=\"ui-button ui-widget ui-state-default ui-button-text-only {{option.styleClass}}\"\n                [ngClass]=\"{'ui-state-active':isSelected(option), 'ui-state-disabled':disabled, 'ui-state-focus': cbox == focusedItem}\" (click)=\"onItemClick($event,option,cbox,i)\">\n                <span class=\"ui-button-text ui-clickable\">{{option.label}}</span>\n                <div class=\"ui-helper-hidden-accessible\">\n                    <input #cbox type=\"checkbox\" [checked]=\"isSelected(option)\" (focus)=\"onFocus($event)\" (blur)=\"onBlur($event)\" [attr.tabindex]=\"tabindex\" [attr.disabled]=\"disabled\">\n                </div>\n            </div>\n        </div>\n    ","providers":[{"__symbolic":"reference","name":"SELECTBUTTON_VALUE_ACCESSOR"}]}]}],"members":{"options":[{"__symbolic":"property","decorators":[{"__symbolic":"call","expression":{"__symbolic":"reference","module":"@angular/core","name":"Input"}}]}],"tabindex":[{"__symbolic":"property","decorators":[{"__symbolic":"call","expression":{"__symbolic":"reference","module":"@angular/core","name":"Input"}}]}],"multiple":[{"__symbolic":"property","decorators":[{"__symbolic":"call","expression":{"__symbolic":"reference","module":"@angular/core","name":"Input"}}]}],"style":[{"__symbolic":"property","decorators":[{"__symbolic":"call","expression":{"__symbolic":"reference","module":"@angular/core","name":"Input"}}]}],"styleClass":[{"__symbolic":"property","decorators":[{"__symbolic":"call","expression":{"__symbolic":"reference","module":"@angular/core","name":"Input"}}]}],"disabled":[{"__symbolic":"property","decorators":[{"__symbolic":"call","expression":{"__symbolic":"reference","module":"@angular/core","name":"Input"}}]}],"onOptionClick":[{"__symbolic":"property","decorators":[{"__symbolic":"call","expression":{"__symbolic":"reference","module":"@angular/core","name":"Output"}}]}],"onChange":[{"__symbolic":"property","decorators":[{"__symbolic":"call","expression":{"__symbolic":"reference","module":"@angular/core","name":"Output"}}]}],"writeValue":[{"__symbolic":"method"}],"registerOnChange":[{"__symbolic":"method"}],"registerOnTouched":[{"__symbolic":"method"}],"setDisabledState":[{"__symbolic":"method"}],"onItemClick":[{"__symbolic":"method"}],"onFocus":[{"__symbolic":"method"}],"onBlur":[{"__symbolic":"method"}],"isSelected":[{"__symbolic":"method"}],"findItemIndex":[{"__symbolic":"method"}]}},"SelectButtonModule":{"__symbolic":"class","decorators":[{"__symbolic":"call","expression":{"__symbolic":"reference","module":"@angular/core","name":"NgModule"},"arguments":[{"imports":[{"__symbolic":"reference","module":"@angular/common","name":"CommonModule"}],"exports":[{"__symbolic":"reference","name":"SelectButton"}],"declarations":[{"__symbolic":"reference","name":"SelectButton"}]}]}]}}},{"__symbolic":"module","version":1,"metadata":{"SELECTBUTTON_VALUE_ACCESSOR":{"provide":{"__symbolic":"reference","module":"@angular/forms","name":"NG_VALUE_ACCESSOR"},"useExisting":{"__symbolic":"reference","name":"SelectButton"},"multi":true},"SelectButton":{"__symbolic":"class","decorators":[{"__symbolic":"call","expression":{"__symbolic":"reference","module":"@angular/core","name":"Component"},"arguments":[{"selector":"p-selectButton","template":"\n        <div [ngClass]=\"'ui-selectbutton ui-buttonset ui-widget ui-corner-all ui-buttonset-' + options.length\" [ngStyle]=\"style\" [class]=\"styleClass\">\n            <div *ngFor=\"let option of options; let i = index\" class=\"ui-button ui-widget ui-state-default ui-button-text-only {{option.styleClass}}\"\n                [ngClass]=\"{'ui-state-active':isSelected(option), 'ui-state-disabled':disabled, 'ui-state-focus': cbox == focusedItem}\" (click)=\"onItemClick($event,option,cbox,i)\">\n                <span class=\"ui-button-text ui-clickable\">{{option.label}}</span>\n                <div class=\"ui-helper-hidden-accessible\">\n                    <input #cbox type=\"checkbox\" [checked]=\"isSelected(option)\" (focus)=\"onFocus($event)\" (blur)=\"onBlur($event)\" [attr.tabindex]=\"tabindex\" [attr.disabled]=\"disabled\">\n                </div>\n            </div>\n        </div>\n    ","providers":[{"__symbolic":"reference","name":"SELECTBUTTON_VALUE_ACCESSOR"}]}]}],"members":{"options":[{"__symbolic":"property","decorators":[{"__symbolic":"call","expression":{"__symbolic":"reference","module":"@angular/core","name":"Input"}}]}],"tabindex":[{"__symbolic":"property","decorators":[{"__symbolic":"call","expression":{"__symbolic":"reference","module":"@angular/core","name":"Input"}}]}],"multiple":[{"__symbolic":"property","decorators":[{"__symbolic":"call","expression":{"__symbolic":"reference","module":"@angular/core","name":"Input"}}]}],"style":[{"__symbolic":"property","decorators":[{"__symbolic":"call","expression":{"__symbolic":"reference","module":"@angular/core","name":"Input"}}]}],"styleClass":[{"__symbolic":"property","decorators":[{"__symbolic":"call","expression":{"__symbolic":"reference","module":"@angular/core","name":"Input"}}]}],"disabled":[{"__symbolic":"property","decorators":[{"__symbolic":"call","expression":{"__symbolic":"reference","module":"@angular/core","name":"Input"}}]}],"onOptionClick":[{"__symbolic":"property","decorators":[{"__symbolic":"call","expression":{"__symbolic":"reference","module":"@angular/core","name":"Output"}}]}],"onChange":[{"__symbolic":"property","decorators":[{"__symbolic":"call","expression":{"__symbolic":"reference","module":"@angular/core","name":"Output"}}]}],"writeValue":[{"__symbolic":"method"}],"registerOnChange":[{"__symbolic":"method"}],"registerOnTouched":[{"__symbolic":"method"}],"setDisabledState":[{"__symbolic":"method"}],"onItemClick":[{"__symbolic":"method"}],"onFocus":[{"__symbolic":"method"}],"onBlur":[{"__symbolic":"method"}],"isSelected":[{"__symbolic":"method"}],"findItemIndex":[{"__symbolic":"method"}]}},"SelectButtonModule":{"__symbolic":"class","decorators":[{"__symbolic":"call","expression":{"__symbolic":"reference","module":"@angular/core","name":"NgModule"},"arguments":[{"imports":[{"__symbolic":"reference","module":"@angular/common","name":"CommonModule"}],"exports":[{"__symbolic":"reference","name":"SelectButton"}],"declarations":[{"__symbolic":"reference","name":"SelectButton"}]}]}]}}}]