[{"__symbolic":"module","version":3,"metadata":{"SPINNER_VALUE_ACCESSOR":{"provide":{"__symbolic":"reference","module":"@angular/forms","name":"NG_VALUE_ACCESSOR"},"useExisting":{"__symbolic":"reference","name":"Spinner"},"multi":true},"Spinner":{"__symbolic":"class","decorators":[{"__symbolic":"call","expression":{"__symbolic":"reference","module":"@angular/core","name":"Component"},"arguments":[{"selector":"p-spinner","template":"\n        <span class=\"ui-spinner ui-widget ui-corner-all\">\n            <input #in [attr.type]=\"type\" [attr.id]=\"inputId\" class=\"ui-spinner-input\" [value]=\"valueAsString\" class=\"ui-inputtext ui-widget ui-state-default ui-corner-all\"\n            [attr.size]=\"size\" [attr.maxlength]=\"maxlength\" [attr.tabindex]=\"tabindex\" [attr.placeholder]=\"placeholder\" [disabled]=\"disabled\" [readonly]=\"readonly\" [attr.required]=\"required\"\n            (keydown)=\"onInputKeydown($event)\" (keyup)=\"onInput($event,in.value)\" (keypress)=\"onInputKeyPress($event)\" (blur)=\"onInputBlur($event)\" (change)=\"handleChange($event)\" (focus)=\"onInputFocus($event)\">\n            <button type=\"button\" [ngClass]=\"{'ui-spinner-button ui-spinner-up ui-corner-tr ui-button ui-widget ui-state-default':true,'ui-state-disabled':disabled}\" [disabled]=\"disabled\"\n                (mouseleave)=\"onUpButtonMouseleave($event)\" (mousedown)=\"onUpButtonMousedown($event,in)\" (mouseup)=\"onUpButtonMouseup($event)\">\n                <span class=\"fa fa-caret-up ui-clickable\"></span>\n            </button>\n            <button type=\"button\" [ngClass]=\"{'ui-spinner-button ui-spinner-down ui-corner-br ui-button ui-widget ui-state-default':true,'ui-state-disabled':disabled}\" [disabled]=\"disabled\"\n                (mouseleave)=\"onDownButtonMouseleave($event)\" (mousedown)=\"onDownButtonMousedown($event,in)\" (mouseup)=\"onDownButtonMouseup($event)\">\n                <span class=\"fa fa-caret-down ui-clickable\"></span>\n            </button>\n        </span>\n    ","host":{"[class.ui-inputwrapper-filled]":"filled","[class.ui-inputwrapper-focus]":"focus","$quoted$":["[class.ui-inputwrapper-filled]","[class.ui-inputwrapper-focus]"]},"providers":[{"__symbolic":"reference","module":"../dom/domhandler","name":"DomHandler"},{"__symbolic":"reference","name":"SPINNER_VALUE_ACCESSOR"}]}]}],"members":{"onChange":[{"__symbolic":"property","decorators":[{"__symbolic":"call","expression":{"__symbolic":"reference","module":"@angular/core","name":"Output"}}]}],"onFocus":[{"__symbolic":"property","decorators":[{"__symbolic":"call","expression":{"__symbolic":"reference","module":"@angular/core","name":"Output"}}]}],"onBlur":[{"__symbolic":"property","decorators":[{"__symbolic":"call","expression":{"__symbolic":"reference","module":"@angular/core","name":"Output"}}]}],"step":[{"__symbolic":"property","decorators":[{"__symbolic":"call","expression":{"__symbolic":"reference","module":"@angular/core","name":"Input"}}]}],"min":[{"__symbolic":"property","decorators":[{"__symbolic":"call","expression":{"__symbolic":"reference","module":"@angular/core","name":"Input"}}]}],"max":[{"__symbolic":"property","decorators":[{"__symbolic":"call","expression":{"__symbolic":"reference","module":"@angular/core","name":"Input"}}]}],"maxlength":[{"__symbolic":"property","decorators":[{"__symbolic":"call","expression":{"__symbolic":"reference","module":"@angular/core","name":"Input"}}]}],"size":[{"__symbolic":"property","decorators":[{"__symbolic":"call","expression":{"__symbolic":"reference","module":"@angular/core","name":"Input"}}]}],"placeholder":[{"__symbolic":"property","decorators":[{"__symbolic":"call","expression":{"__symbolic":"reference","module":"@angular/core","name":"Input"}}]}],"inputId":[{"__symbolic":"property","decorators":[{"__symbolic":"call","expression":{"__symbolic":"reference","module":"@angular/core","name":"Input"}}]}],"disabled":[{"__symbolic":"property","decorators":[{"__symbolic":"call","expression":{"__symbolic":"reference","module":"@angular/core","name":"Input"}}]}],"readonly":[{"__symbolic":"property","decorators":[{"__symbolic":"call","expression":{"__symbolic":"reference","module":"@angular/core","name":"Input"}}]}],"decimalSeparator":[{"__symbolic":"property","decorators":[{"__symbolic":"call","expression":{"__symbolic":"reference","module":"@angular/core","name":"Input"}}]}],"thousandSeparator":[{"__symbolic":"property","decorators":[{"__symbolic":"call","expression":{"__symbolic":"reference","module":"@angular/core","name":"Input"}}]}],"tabindex":[{"__symbolic":"property","decorators":[{"__symbolic":"call","expression":{"__symbolic":"reference","module":"@angular/core","name":"Input"}}]}],"formatInput":[{"__symbolic":"property","decorators":[{"__symbolic":"call","expression":{"__symbolic":"reference","module":"@angular/core","name":"Input"}}]}],"type":[{"__symbolic":"property","decorators":[{"__symbolic":"call","expression":{"__symbolic":"reference","module":"@angular/core","name":"Input"}}]}],"required":[{"__symbolic":"property","decorators":[{"__symbolic":"call","expression":{"__symbolic":"reference","module":"@angular/core","name":"Input"}}]}],"__ctor__":[{"__symbolic":"constructor","parameters":[{"__symbolic":"reference","module":"@angular/core","name":"ElementRef"},{"__symbolic":"reference","module":"../dom/domhandler","name":"DomHandler"}]}],"ngOnInit":[{"__symbolic":"method"}],"repeat":[{"__symbolic":"method"}],"spin":[{"__symbolic":"method"}],"toFixed":[{"__symbolic":"method"}],"onUpButtonMousedown":[{"__symbolic":"method"}],"onUpButtonMouseup":[{"__symbolic":"method"}],"onUpButtonMouseleave":[{"__symbolic":"method"}],"onDownButtonMousedown":[{"__symbolic":"method"}],"onDownButtonMouseup":[{"__symbolic":"method"}],"onDownButtonMouseleave":[{"__symbolic":"method"}],"onInputKeydown":[{"__symbolic":"method"}],"onInputKeyPress":[{"__symbolic":"method"}],"onInput":[{"__symbolic":"method"}],"onInputBlur":[{"__symbolic":"method"}],"onInputFocus":[{"__symbolic":"method"}],"parseValue":[{"__symbolic":"method"}],"formatValue":[{"__symbolic":"method"}],"handleChange":[{"__symbolic":"method"}],"clearTimer":[{"__symbolic":"method"}],"writeValue":[{"__symbolic":"method"}],"registerOnChange":[{"__symbolic":"method"}],"registerOnTouched":[{"__symbolic":"method"}],"setDisabledState":[{"__symbolic":"method"}],"updateFilledState":[{"__symbolic":"method"}]}},"SpinnerModule":{"__symbolic":"class","decorators":[{"__symbolic":"call","expression":{"__symbolic":"reference","module":"@angular/core","name":"NgModule"},"arguments":[{"imports":[{"__symbolic":"reference","module":"@angular/common","name":"CommonModule"},{"__symbolic":"reference","module":"../inputtext/inputtext","name":"InputTextModule"}],"exports":[{"__symbolic":"reference","name":"Spinner"}],"declarations":[{"__symbolic":"reference","name":"Spinner"}]}]}]}}},{"__symbolic":"module","version":1,"metadata":{"SPINNER_VALUE_ACCESSOR":{"provide":{"__symbolic":"reference","module":"@angular/forms","name":"NG_VALUE_ACCESSOR"},"useExisting":{"__symbolic":"reference","name":"Spinner"},"multi":true},"Spinner":{"__symbolic":"class","decorators":[{"__symbolic":"call","expression":{"__symbolic":"reference","module":"@angular/core","name":"Component"},"arguments":[{"selector":"p-spinner","template":"\n        <span class=\"ui-spinner ui-widget ui-corner-all\">\n            <input #in [attr.type]=\"type\" [attr.id]=\"inputId\" class=\"ui-spinner-input\" [value]=\"valueAsString\" class=\"ui-inputtext ui-widget ui-state-default ui-corner-all\"\n            [attr.size]=\"size\" [attr.maxlength]=\"maxlength\" [attr.tabindex]=\"tabindex\" [attr.placeholder]=\"placeholder\" [disabled]=\"disabled\" [readonly]=\"readonly\" [attr.required]=\"required\"\n            (keydown)=\"onInputKeydown($event)\" (keyup)=\"onInput($event,in.value)\" (keypress)=\"onInputKeyPress($event)\" (blur)=\"onInputBlur($event)\" (change)=\"handleChange($event)\" (focus)=\"onInputFocus($event)\">\n            <button type=\"button\" [ngClass]=\"{'ui-spinner-button ui-spinner-up ui-corner-tr ui-button ui-widget ui-state-default':true,'ui-state-disabled':disabled}\" [disabled]=\"disabled\"\n                (mouseleave)=\"onUpButtonMouseleave($event)\" (mousedown)=\"onUpButtonMousedown($event,in)\" (mouseup)=\"onUpButtonMouseup($event)\">\n                <span class=\"fa fa-caret-up ui-clickable\"></span>\n            </button>\n            <button type=\"button\" [ngClass]=\"{'ui-spinner-button ui-spinner-down ui-corner-br ui-button ui-widget ui-state-default':true,'ui-state-disabled':disabled}\" [disabled]=\"disabled\"\n                (mouseleave)=\"onDownButtonMouseleave($event)\" (mousedown)=\"onDownButtonMousedown($event,in)\" (mouseup)=\"onDownButtonMouseup($event)\">\n                <span class=\"fa fa-caret-down ui-clickable\"></span>\n            </button>\n        </span>\n    ","host":{"[class.ui-inputwrapper-filled]":"filled","[class.ui-inputwrapper-focus]":"focus"},"providers":[{"__symbolic":"reference","module":"../dom/domhandler","name":"DomHandler"},{"__symbolic":"reference","name":"SPINNER_VALUE_ACCESSOR"}]}]}],"members":{"onChange":[{"__symbolic":"property","decorators":[{"__symbolic":"call","expression":{"__symbolic":"reference","module":"@angular/core","name":"Output"}}]}],"onFocus":[{"__symbolic":"property","decorators":[{"__symbolic":"call","expression":{"__symbolic":"reference","module":"@angular/core","name":"Output"}}]}],"onBlur":[{"__symbolic":"property","decorators":[{"__symbolic":"call","expression":{"__symbolic":"reference","module":"@angular/core","name":"Output"}}]}],"step":[{"__symbolic":"property","decorators":[{"__symbolic":"call","expression":{"__symbolic":"reference","module":"@angular/core","name":"Input"}}]}],"min":[{"__symbolic":"property","decorators":[{"__symbolic":"call","expression":{"__symbolic":"reference","module":"@angular/core","name":"Input"}}]}],"max":[{"__symbolic":"property","decorators":[{"__symbolic":"call","expression":{"__symbolic":"reference","module":"@angular/core","name":"Input"}}]}],"maxlength":[{"__symbolic":"property","decorators":[{"__symbolic":"call","expression":{"__symbolic":"reference","module":"@angular/core","name":"Input"}}]}],"size":[{"__symbolic":"property","decorators":[{"__symbolic":"call","expression":{"__symbolic":"reference","module":"@angular/core","name":"Input"}}]}],"placeholder":[{"__symbolic":"property","decorators":[{"__symbolic":"call","expression":{"__symbolic":"reference","module":"@angular/core","name":"Input"}}]}],"inputId":[{"__symbolic":"property","decorators":[{"__symbolic":"call","expression":{"__symbolic":"reference","module":"@angular/core","name":"Input"}}]}],"disabled":[{"__symbolic":"property","decorators":[{"__symbolic":"call","expression":{"__symbolic":"reference","module":"@angular/core","name":"Input"}}]}],"readonly":[{"__symbolic":"property","decorators":[{"__symbolic":"call","expression":{"__symbolic":"reference","module":"@angular/core","name":"Input"}}]}],"decimalSeparator":[{"__symbolic":"property","decorators":[{"__symbolic":"call","expression":{"__symbolic":"reference","module":"@angular/core","name":"Input"}}]}],"thousandSeparator":[{"__symbolic":"property","decorators":[{"__symbolic":"call","expression":{"__symbolic":"reference","module":"@angular/core","name":"Input"}}]}],"tabindex":[{"__symbolic":"property","decorators":[{"__symbolic":"call","expression":{"__symbolic":"reference","module":"@angular/core","name":"Input"}}]}],"formatInput":[{"__symbolic":"property","decorators":[{"__symbolic":"call","expression":{"__symbolic":"reference","module":"@angular/core","name":"Input"}}]}],"type":[{"__symbolic":"property","decorators":[{"__symbolic":"call","expression":{"__symbolic":"reference","module":"@angular/core","name":"Input"}}]}],"required":[{"__symbolic":"property","decorators":[{"__symbolic":"call","expression":{"__symbolic":"reference","module":"@angular/core","name":"Input"}}]}],"__ctor__":[{"__symbolic":"constructor","parameters":[{"__symbolic":"reference","module":"@angular/core","name":"ElementRef"},{"__symbolic":"reference","module":"../dom/domhandler","name":"DomHandler"}]}],"ngOnInit":[{"__symbolic":"method"}],"repeat":[{"__symbolic":"method"}],"spin":[{"__symbolic":"method"}],"toFixed":[{"__symbolic":"method"}],"onUpButtonMousedown":[{"__symbolic":"method"}],"onUpButtonMouseup":[{"__symbolic":"method"}],"onUpButtonMouseleave":[{"__symbolic":"method"}],"onDownButtonMousedown":[{"__symbolic":"method"}],"onDownButtonMouseup":[{"__symbolic":"method"}],"onDownButtonMouseleave":[{"__symbolic":"method"}],"onInputKeydown":[{"__symbolic":"method"}],"onInputKeyPress":[{"__symbolic":"method"}],"onInput":[{"__symbolic":"method"}],"onInputBlur":[{"__symbolic":"method"}],"onInputFocus":[{"__symbolic":"method"}],"parseValue":[{"__symbolic":"method"}],"formatValue":[{"__symbolic":"method"}],"handleChange":[{"__symbolic":"method"}],"clearTimer":[{"__symbolic":"method"}],"writeValue":[{"__symbolic":"method"}],"registerOnChange":[{"__symbolic":"method"}],"registerOnTouched":[{"__symbolic":"method"}],"setDisabledState":[{"__symbolic":"method"}],"updateFilledState":[{"__symbolic":"method"}]}},"SpinnerModule":{"__symbolic":"class","decorators":[{"__symbolic":"call","expression":{"__symbolic":"reference","module":"@angular/core","name":"NgModule"},"arguments":[{"imports":[{"__symbolic":"reference","module":"@angular/common","name":"CommonModule"},{"__symbolic":"reference","module":"../inputtext/inputtext","name":"InputTextModule"}],"exports":[{"__symbolic":"reference","name":"Spinner"}],"declarations":[{"__symbolic":"reference","name":"Spinner"}]}]}]}}}]